,Shem_Yis_1,citycode,SA,cluster,clusterName
0,SHAHAR,7,0.0,4,Center
1,TIROSH,10,0.0,0,Right-Wing
2,NIR HEN,11,0.0,4,Center
3,HAZEVA,13,0.0,1,Left-Wing
4,NO'AM,15,0.0,0,Right-Wing
5,BET NIR,16,0.0,1,Left-Wing
6,SEDE MOSHE,18,0.0,1,Left-Wing
7,BE'ER ORA,21,0.0,4,Center
8,MIQWE YISRA'EL,22,0.0,1,Left-Wing
9,AMAZYA,23,0.0,4,Center
10,LAKHISH,24,0.0,1,Left-Wing
11,ROSH PINNA,26,0.0,4,Center
12,SEDOT MIKHA,27,0.0,0,Right-Wing
13,MAZKERET BATYA,28,0.0,4,Center
14,YESUD HAMA'ALA,29,0.0,1,Left-Wing
15,OFAQIM,31,1.0,0,Right-Wing
16,OFAQIM,31,2.0,0,Right-Wing
17,OFAQIM,31,3.0,0,Right-Wing
18,OFAQIM,31,4.0,3,Ulta Orthodox
19,OFAQIM,31,6.0,3,Ulta Orthodox
20,OFAQIM,31,7.0,0,Right-Wing
21,OZEM,32,0.0,0,Right-Wing
22,BAT SHELOMO,33,0.0,1,Left-Wing
23,GADOT,35,0.0,1,Left-Wing
24,SEDE DAWID,36,0.0,0,Right-Wing
25,ETAN,37,0.0,0,Right-Wing
26,GEFEN,39,0.0,0,Right-Wing
27,ELYAKHIN,41,0.0,0,Right-Wing
28,METULA,43,0.0,1,Left-Wing
29,ZOHAR,44,0.0,0,Right-Wing
30,YAVNE'EL,46,0.0,0,Right-Wing
31,KEFAR TAVOR,47,0.0,1,Left-Wing
32,MENAHEMYA,48,0.0,0,Right-Wing
33,ILANIYYA,49,0.0,4,Center
34,LUZIT,52,0.0,0,Right-Wing
35,ATLIT,53,0.0,4,Center
36,NOGAH,55,0.0,0,Right-Wing
37,KINNERET(QEVUZA),57,0.0,1,Left-Wing
38,MIZPA,58,0.0,1,Left-Wing
39,NEHUSHA,59,0.0,0,Right-Wing
40,DEGANYA ALEF,62,0.0,1,Left-Wing
41,KINNERET(MOSHAVA),63,0.0,1,Left-Wing
42,YAD RAMBAM,64,0.0,0,Right-Wing
43,MIGDAL,65,0.0,0,Right-Wing
44,MERHAVYA(QIBBUZ),66,0.0,1,Left-Wing
45,OR HANER,67,0.0,1,Left-Wing
46,NIR OZ,69,0.0,1,Left-Wing
47,ASHDOD,70,122.0,0,Right-Wing
48,ASHDOD,70,123.0,0,Right-Wing
49,ASHDOD,70,125.0,0,Right-Wing
50,ASHDOD,70,126.0,0,Right-Wing
51,ASHDOD,70,131.0,0,Right-Wing
52,ASHDOD,70,132.0,0,Right-Wing
53,ASHDOD,70,133.0,0,Right-Wing
54,ASHDOD,70,141.0,3,Ulta Orthodox
55,ASHDOD,70,142.0,0,Right-Wing
56,ASHDOD,70,143.0,0,Right-Wing
57,ASHDOD,70,144.0,3,Ulta Orthodox
58,ASHDOD,70,211.0,3,Ulta Orthodox
59,ASHDOD,70,212.0,3,Ulta Orthodox
60,ASHDOD,70,213.0,3,Ulta Orthodox
61,ASHDOD,70,221.0,3,Ulta Orthodox
62,ASHDOD,70,222.0,0,Right-Wing
63,ASHDOD,70,223.0,0,Right-Wing
64,ASHDOD,70,231.0,0,Right-Wing
65,ASHDOD,70,232.0,0,Right-Wing
66,ASHDOD,70,233.0,0,Right-Wing
67,ASHDOD,70,234.0,0,Right-Wing
68,ASHDOD,70,241.0,0,Right-Wing
69,ASHDOD,70,242.0,0,Right-Wing
70,ASHDOD,70,243.0,0,Right-Wing
71,ASHDOD,70,244.0,4,Center
72,ASHDOD,70,311.0,0,Right-Wing
73,ASHDOD,70,312.0,0,Right-Wing
74,ASHDOD,70,313.0,0,Right-Wing
75,ASHDOD,70,314.0,0,Right-Wing
76,ASHDOD,70,315.0,0,Right-Wing
77,ASHDOD,70,316.0,0,Right-Wing
78,ASHDOD,70,317.0,0,Right-Wing
79,ASHDOD,70,321.0,0,Right-Wing
80,ASHDOD,70,322.0,3,Ulta Orthodox
81,ASHDOD,70,323.0,0,Right-Wing
82,ASHDOD,70,331.0,4,Center
83,ASHDOD,70,332.0,0,Right-Wing
84,ASHDOD,70,333.0,0,Right-Wing
85,ASHDOD,70,342.0,0,Right-Wing
86,ASHDOD,70,343.0,0,Right-Wing
87,ASHDOD,70,411.0,4,Center
88,ASHDOD,70,412.0,4,Center
89,ASHDOD,70,413.0,0,Right-Wing
90,ASHDOD,70,415.0,0,Right-Wing
91,ASHDOD,70,421.0,0,Right-Wing
92,ASHDOD,70,422.0,0,Right-Wing
93,ASHDOD,70,423.0,0,Right-Wing
94,ASHDOD,70,424.0,4,Center
95,ASHDOD,70,425.0,0,Right-Wing
96,ASHDOD,70,426.0,4,Center
97,ASHDOD,70,432.0,4,Center
98,ASHDOD,70,433.0,0,Right-Wing
99,ASHDOD,70,434.0,0,Right-Wing
100,ESHBOL,71,0.0,0,Right-Wing
101,GAN SHEMU'EL,72,0.0,1,Left-Wing
102,EN HOD,74,0.0,1,Left-Wing
103,KEFAR GIL'ADI,76,0.0,1,Left-Wing
104,AYYELET HASHAHAR,77,0.0,1,Left-Wing
105,QIRYAT ANAVIM,78,0.0,1,Left-Wing
106,DEGANYA BET,79,0.0,1,Left-Wing
107,NAHALAL,80,0.0,1,Left-Wing
108,EN HAROD(ME'UHAD),82,0.0,1,Left-Wing
109,TEL YOSEF,84,0.0,1,Left-Wing
110,KEFAR YEHEZQEL,85,0.0,1,Left-Wing
111,GEVA,86,0.0,1,Left-Wing
112,EN HAROD (IHUD),89,0.0,1,Left-Wing
113,HEFZI-BAH,90,0.0,1,Left-Wing
114,GINNEGAR,92,0.0,1,Left-Wing
115,BALFURYA,94,0.0,1,Left-Wing
116,BET ALFA,95,0.0,1,Left-Wing
117,YAGUR,96,0.0,1,Left-Wing
118,MERHAVYA(MOSHAV),97,0.0,1,Left-Wing
119,KEFAR MALAL,98,0.0,1,Left-Wing
120,MIZPE RAMON,99,0.0,0,Right-Wing
121,ME'IR SHEFEYA,102,0.0,4,Center
122,TEL ADASHIM,103,0.0,1,Left-Wing
123,MIZRA,104,0.0,1,Left-Wing
124,KEFAR GID'ON,106,0.0,3,Ulta Orthodox
125,KEFAR SILVER,107,0.0,1,Left-Wing
126,KEFAR HASIDIM ALEF,112,0.0,4,Center
127,ADDIRIM,113,0.0,0,Right-Wing
128,HOFIT,115,0.0,1,Left-Wing
129,RAMAT YISHAY,122,0.0,1,Left-Wing
130,SARID,126,0.0,1,Left-Wing
131,RAMAT RAHEL,127,0.0,1,Left-Wing
132,GAT RIMMON,128,0.0,1,Left-Wing
133,MISHMAR HAEMEQ,130,0.0,1,Left-Wing
134,KEFAR BARUKH,132,0.0,1,Left-Wing
135,GEVAT,133,0.0,1,Left-Wing
136,YIF'AT,134,0.0,1,Left-Wing
137,RAMAT DAWID,135,0.0,1,Left-Wing
138,EN SHEMER,139,0.0,1,Left-Wing
139,KEFAR YEHOSHUA,140,0.0,1,Left-Wing
140,BARAQ,141,0.0,4,Center
141,SEDE YA'AQOV,142,0.0,4,Center
142,BET ZERA,143,0.0,1,Left-Wing
143,GAN SHELOMO,144,0.0,1,Left-Wing
144,GADISH,145,0.0,0,Right-Wing
145,DEVORA,146,0.0,1,Left-Wing
146,GIV'AT BRENNER,147,0.0,1,Left-Wing
147,TEL MOND,154,0.0,1,Left-Wing
148,BE'ER TOVIYYA,155,0.0,1,Left-Wing
149,AYANOT,156,0.0,4,Center
150,EN WERED,157,0.0,1,Left-Wing
151,NA'AN,158,0.0,1,Left-Wing
152,BET HANAN,159,0.0,1,Left-Wing
153,HULDA,160,0.0,1,Left-Wing
154,HERUT,162,0.0,1,Left-Wing
155,TIMMORIM,163,0.0,1,Left-Wing
156,MELE'A,164,0.0,0,Right-Wing
157,NIR YAFE,165,0.0,4,Center
158,GAN YAVNE,166,1.0,4,Center
159,GAN YAVNE,166,2.0,4,Center
160,GAN YAVNE,166,3.0,0,Right-Wing
161,GAN YAVNE,166,4.0,4,Center
162,EN HAHORESH,167,0.0,1,Left-Wing
163,KEFAR YONA,168,1.0,4,Center
164,KEFAR YONA,168,2.0,4,Center
165,KEFAR YONA,168,3.0,4,Center
166,KEFAR YA'BEZ,170,0.0,0,Right-Wing
167,PARDESIYYA,171,0.0,1,Left-Wing
168,GIV'AT HAYYIM(ME'UHAD),173,0.0,1,Left-Wing
169,NETA'IM,174,0.0,1,Left-Wing
170,AVIHAYIL,175,0.0,1,Left-Wing
171,AFIQIM,176,0.0,1,Left-Wing
172,KEFAR BILU,177,0.0,1,Left-Wing
173,RAMAT YOHANAN,178,0.0,1,Left-Wing
174,EVEN YEHUDA,182,0.0,1,Left-Wing
175,YARQONA,183,0.0,1,Left-Wing
176,RAMAT HAKOVESH,184,0.0,1,Left-Wing
177,NE'URIM,186,0.0,1,Left-Wing
178,KEFAR HESS,187,0.0,1,Left-Wing
179,ASHDOT YA'AQOV(ME'UHAD),188,0.0,1,Left-Wing
180,KEFAR PINES,189,0.0,0,Right-Wing
181,KEFAR VITKIN,190,0.0,1,Left-Wing
182,HADAR AM,191,0.0,1,Left-Wing
183,KEFAR HAHORESH,192,0.0,1,Left-Wing
184,KEFAR HAYYIM,193,0.0,1,Left-Wing
185,MISHMAR HASHARON,194,0.0,1,Left-Wing
186,QADIMA-ZORAN,195,1.0,1,Left-Wing
187,QADIMA-ZORAN,195,2.0,1,Left-Wing
188,QADIMA-ZORAN,195,3.0,1,Left-Wing
189,QADIMA-ZORAN,195,4.0,4,Center
190,QADIMA-ZORAN,195,5.0,4,Center
191,GIBBETON,196,0.0,1,Left-Wing
192,MA'BAROT,197,0.0,1,Left-Wing
193,ZOFIT,198,0.0,1,Left-Wing
194,ASHDOT YA'AQOV(IHUD),199,0.0,1,Left-Wing
195,BET YANNAY,200,0.0,1,Left-Wing
196,BET OVED,202,0.0,1,Left-Wing
197,ELYASHIV,204,0.0,0,Right-Wing
198,HOGLA,205,0.0,1,Left-Wing
199,RAMOT HASHAVIM,206,0.0,1,Left-Wing
200,GIV'AT HEN,207,0.0,1,Left-Wing
201,MOZA ILLIT,208,0.0,1,Left-Wing
202,BET ZEVI,212,0.0,3,Ulta Orthodox
203,MISHMAROT,213,0.0,1,Left-Wing
204,KEFAR HARO'E,217,0.0,0,Right-Wing
205,GANNE AM,218,0.0,1,Left-Wing
206,HIBBAT ZIYYON,219,0.0,1,Left-Wing
207,KEFAR BIALIK,220,0.0,1,Left-Wing
208,EN IRON,223,0.0,1,Left-Wing
209,SHOSHANNAT HAAMAQIM,224,0.0,4,Center
210,GAN HASHOMERON,225,0.0,1,Left-Wing
211,GANNE TIQWA,229,1.0,1,Left-Wing
212,GANNE TIQWA,229,2.0,1,Left-Wing
213,GANNE TIQWA,229,3.0,1,Left-Wing
214,MA'AS,230,0.0,1,Left-Wing
215,SHEFAYIM,232,0.0,1,Left-Wing
216,KEFAR YEDIDYA,233,0.0,1,Left-Wing
217,BIZZARON,234,0.0,1,Left-Wing
218,HAVAZZELET HASHARON,235,0.0,1,Left-Wing
219,SHA'AR HAAMAQIM,237,0.0,1,Left-Wing
220,GAN HAYYIM,239,0.0,1,Left-Wing
221,YOQNE'AM ILLIT,240,1.0,0,Right-Wing
222,YOQNE'AM ILLIT,240,3.0,0,Right-Wing
223,YOQNE'AM ILLIT,240,4.0,4,Center
224,YOQNE'AM ILLIT,240,5.0,4,Center
225,YOQNE'AM ILLIT,240,6.0,4,Center
226,YOQNE'AM ILLIT,240,7.0,4,Center
227,YOQNE'AM(MOSHAVA),241,0.0,1,Left-Wing
228,BET HASHITTA,242,0.0,1,Left-Wing
229,NETIVOT,246,1.0,0,Right-Wing
230,NETIVOT,246,2.0,0,Right-Wing
231,NETIVOT,246,4.0,0,Right-Wing
232,NETIVOT,246,5.0,3,Ulta Orthodox
233,NETIVOT,246,6.0,0,Right-Wing
234,NETIVOT,246,7.0,0,Right-Wing
235,NETIVOT,246,8.0,0,Right-Wing
236,RISHPON,247,0.0,1,Left-Wing
237,BET SHE'ARIM,248,0.0,1,Left-Wing
238,KEFAR SIRKIN,249,0.0,1,Left-Wing
239,HAZOREA,250,0.0,1,Left-Wing
240,BITAN AHARON,252,0.0,1,Left-Wing
241,HULATA,253,0.0,1,Left-Wing
242,KEFAR HAMAKKABBI,254,0.0,1,Left-Wing
243,KEFAR HITTIM,255,0.0,4,Center
244,NIR DAWID (TEL AMAL),256,0.0,1,Left-Wing
245,NOFEKH,257,0.0,4,Center
246,SEDE NAHUM,259,0.0,1,Left-Wing
247,GINNOSAR,262,0.0,1,Left-Wing
248,MASSADA,263,0.0,1,Left-Wing
249,SHA'AR HAGOLAN,264,0.0,1,Left-Wing
250,BET YOSEF,265,0.0,0,Right-Wing
251,KEFAR SHEMARYAHU,267,0.0,1,Left-Wing
252,TIRAT ZEVI,268,0.0,4,Center
253,MOLEDET,269,0.0,1,Left-Wing
254,EN HASHOFET,270,0.0,1,Left-Wing
255,MA'OZ HAYYIM,272,0.0,1,Left-Wing
256,EN GEV,273,0.0,1,Left-Wing
257,KEFAR MENAHEM,274,0.0,1,Left-Wing
258,ZUR MOSHE,276,0.0,1,Left-Wing
259,USHA,278,0.0,1,Left-Wing
260,HANITA,280,0.0,1,Left-Wing
261,PEQI'IN HADASHA,281,0.0,0,Right-Wing
262,SHAVE ZIYYON,282,0.0,1,Left-Wing
263,SEDE WARBURG,284,0.0,1,Left-Wing
264,ALLONIM,285,0.0,1,Left-Wing
265,MA'ALE HAHAMISHA,286,0.0,1,Left-Wing
266,TEL YIZHAQ,287,0.0,1,Left-Wing
267,BET YEHOSHUA,288,0.0,1,Left-Wing
268,EN HAMIFRAZ,289,0.0,1,Left-Wing
269,MA'YAN ZEVI,290,0.0,1,Left-Wing
270,SHARONA,292,0.0,1,Left-Wing
271,SEDE YO'AV,293,0.0,1,Left-Wing
272,ELON,294,0.0,1,Left-Wing
273,KEFAR RUPPIN,295,0.0,1,Left-Wing
274,NEWE ETAN,296,0.0,1,Left-Wing
275,KEFAR MASARYK,297,0.0,1,Left-Wing
276,MESILLOT,298,0.0,1,Left-Wing
277,DALIYYA,300,0.0,1,Left-Wing
278,BET UZZI'EL,301,0.0,0,Right-Wing
279,DAFNA,302,0.0,1,Left-Wing
280,DAN,303,0.0,1,Left-Wing
281,SEDE ELIYYAHU,304,0.0,0,Right-Wing
282,GESHER,305,0.0,1,Left-Wing
283,SHADMOT DEVORA,306,0.0,1,Left-Wing
284,HAZORE'IM,307,0.0,0,Right-Wing
285,MAHANAYIM,308,0.0,1,Left-Wing
286,NEHORA,309,0.0,0,Right-Wing
287,KEFAR GLIKSON,310,0.0,1,Left-Wing
288,GAN SOREQ,311,0.0,1,Left-Wing
289,NEWE YAM,312,0.0,4,Center
290,AFEQ,313,0.0,1,Left-Wing
291,NEGBA,315,0.0,1,Left-Wing
292,KEFAR NETTER,316,0.0,1,Left-Wing
293,BET OREN,317,0.0,1,Left-Wing
294,AMMI'OZ,318,0.0,0,Right-Wing
295,AMIR,319,0.0,1,Left-Wing
296,KEFAR WARBURG,320,0.0,1,Left-Wing
297,BET HILLEL,322,0.0,1,Left-Wing
298,SHE'AR YASHUV,324,0.0,1,Left-Wing
299,MAZZUVA,325,0.0,1,Left-Wing
300,BET YIZHAQ-SH. HEFER,326,0.0,1,Left-Wing
301,SEDOT YAM,327,0.0,1,Left-Wing
302,SEDE NEHEMYA,329,0.0,1,Left-Wing
303,ALUMMOT,330,0.0,1,Left-Wing
304,NIR ZEVI,331,0.0,1,Left-Wing
305,QEVUZAT YAVNE,334,0.0,4,Center
306,RAMAT HASHOFET,335,0.0,1,Left-Wing
307,DOROT,336,0.0,1,Left-Wing
308,IBBIM,338,0.0,0,Right-Wing
309,RAMAT ZEVI,339,0.0,1,Left-Wing
310,GAT(QIBBUZ),340,0.0,1,Left-Wing
311,GEVAR'AM,342,0.0,1,Left-Wing
312,HAMADYA,343,0.0,1,Left-Wing
313,MA'ANIT,344,0.0,1,Left-Wing
314,KEFAR SZOLD,345,0.0,1,Left-Wing
315,GELIL YAM,346,0.0,1,Left-Wing
316,MENARA,347,0.0,1,Left-Wing
317,NIR AM,348,0.0,1,Left-Wing
318,NIZZAN,351,0.0,0,Right-Wing
319,GEVULOT,352,0.0,1,Left-Wing
320,BET ZEID,353,0.0,1,Left-Wing
321,REVIVIM,354,0.0,1,Left-Wing
322,HORESHIM,355,0.0,1,Left-Wing
323,HAGOSHERIM,356,0.0,1,Left-Wing
324,KEFAR BLUM,357,0.0,1,Left-Wing
325,YAD MORDEKHAY,358,0.0,1,Left-Wing
326,NIZZANIM,359,0.0,1,Left-Wing
327,GIV'AT NILI,360,0.0,4,Center
328,RUHAMA,362,0.0,1,Left-Wing
329,HAFEZ HAYYIM,363,0.0,0,Right-Wing
330,KEFAR URIYYA,364,0.0,1,Left-Wing
331,BET QESHET,365,0.0,1,Left-Wing
332,SHAMIR,366,0.0,1,Left-Wing
333,EN HAEMEQ,367,0.0,0,Right-Wing
334,BIRIYYA,368,0.0,0,Right-Wing
335,GAL'ED (EVEN YIZHAQ),369,0.0,1,Left-Wing
336,GEZER,370,0.0,1,Left-Wing
337,RAMOT NAFTALI,372,0.0,1,Left-Wing
338,BET HALEWI,373,0.0,1,Left-Wing
339,HUQOQ,374,0.0,1,Left-Wing
340,MAGGAL,375,0.0,1,Left-Wing
341,EVRON,376,0.0,1,Left-Wing
342,HAMA'PIL,377,0.0,1,Left-Wing
343,MISGAV AM,378,0.0,1,Left-Wing
344,GE'ULIM,379,0.0,4,Center
345,LAHAVOT HABASHAN,380,0.0,1,Left-Wing
346,MIKHMORET,382,0.0,1,Left-Wing
347,EN HANAZIV,383,0.0,4,Center
348,AMMI'AD,385,0.0,1,Left-Wing
349,BENE DEROR,386,0.0,1,Left-Wing
350,KEFAR MONASH,387,0.0,1,Left-Wing
351,KEFAR KISCH,388,0.0,1,Left-Wing
352,BAZRA,389,0.0,1,Left-Wing
353,REGBA,390,0.0,1,Left-Wing
354,GAL'ON,393,0.0,1,Left-Wing
355,SHOVAL,394,0.0,1,Left-Wing
356,MISHMAR HANEGEV,395,0.0,1,Left-Wing
357,NEVATIM,396,0.0,4,Center
358,HAZERIM,397,0.0,1,Left-Wing
359,SHARSHERET,398,0.0,0,Right-Wing
360,BE'ERI,399,0.0,1,Left-Wing
361,EVEN SHEMU'EL,400,0.0,0,Right-Wing
362,NIR YIZHAQ,402,0.0,1,Left-Wing
363,URIM,403,0.0,1,Left-Wing
364,NEWE ILAN,405,0.0,1,Left-Wing
365,HAZOR-ASHDOD,406,0.0,1,Left-Wing
366,DAVERAT,407,0.0,1,Left-Wing
367,NE'OT MORDEKHAY,408,0.0,1,Left-Wing
368,YEHI'AM,409,0.0,1,Left-Wing
369,ZE'ELIM,413,0.0,1,Left-Wing
370,QELAHIM,414,0.0,4,Center
371,SHOQEDA,415,0.0,0,Right-Wing
372,MA'YAN BARUKH,416,0.0,1,Left-Wing
373,YAQUM,417,0.0,1,Left-Wing
374,BENE ZIYYON,418,0.0,1,Left-Wing
375,SA'AD,419,0.0,4,Center
376,MASH'ABBE SADE,421,0.0,1,Left-Wing
377,HEREV LE'ET,422,0.0,1,Left-Wing
378,HAOGEN,423,0.0,1,Left-Wing
379,GEVIM,424,0.0,1,Left-Wing
380,MISHMERET,425,0.0,1,Left-Wing
381,EN KARMEL,426,0.0,1,Left-Wing
382,KEFAR GALLIM,427,0.0,4,Center
383,BEROR HAYIL,428,0.0,1,Left-Wing
384,ALLONE ABBA,429,0.0,1,Left-Wing
385,BET LEHEM HAGELILIT,430,0.0,1,Left-Wing
386,DALTON,431,0.0,0,Right-Wing
387,SHAMERAT,432,0.0,1,Left-Wing
388,NAHSHOLIM,433,0.0,1,Left-Wing
389,HAHOTERIM,434,0.0,1,Left-Wing
390,NEZER SERENI,435,0.0,1,Left-Wing
391,EN DOR,436,0.0,1,Left-Wing
392,RESHAFIM,437,0.0,1,Left-Wing
393,SHELUHOT,439,0.0,4,Center
394,YESODOT,440,0.0,3,Ulta Orthodox
395,GID'ONA,442,0.0,0,Right-Wing
396,KEFAR HANASI,443,0.0,1,Left-Wing
397,REGAVIM,444,0.0,1,Left-Wing
398,RAMOT MENASHE,445,0.0,1,Left-Wing
399,UDIM,446,0.0,1,Left-Wing
400,NORDIYYA,447,0.0,1,Left-Wing
401,BENE ATAROT,448,0.0,1,Left-Wing
402,NEHALIM,449,0.0,0,Right-Wing
403,BE'EROT YIZHAQ,450,0.0,4,Center
404,YIZRE'EL,452,0.0,1,Left-Wing
405,YIFTAH,453,0.0,1,Left-Wing
406,SA'AR,454,0.0,1,Left-Wing
407,SHORESH,456,0.0,1,Left-Wing
408,GAZIT,457,0.0,1,Left-Wing
409,RAMAT RAZI'EL,460,0.0,1,Left-Wing
410,TAL SHAHAR,462,0.0,1,Left-Wing
411,GA'TON,463,0.0,1,Left-Wing
412,HAR'EL,464,0.0,1,Left-Wing
413,ZOVA,465,0.0,1,Left-Wing
414,BET DAGAN,466,0.0,0,Right-Wing
415,QIRYAT EQRON,469,2.0,0,Right-Wing
416,QIRYAT EQRON,469,3.0,0,Right-Wing
417,QIRYAT EQRON,469,4.0,0,Right-Wing
418,ABU GHOSH,472,0.0,2,Arab
419,ABU SINAN,473,0.0,2,Arab
420,DAHI,475,0.0,2,Arab
421,IKSAL,478,0.0,2,Arab
422,BEIT JANN,480,0.0,1,Left-Wing
423,MUGHAR,481,0.0,2,Arab
424,BU'EINE-NUJEIDAT,482,0.0,2,Arab
425,,483,0.0,2,Arab
426,JULIS,485,0.0,1,Left-Wing
427,JISH(GUSH HALAV),487,0.0,2,Arab
428,DABURIYYA,489,0.0,2,Arab
429,,490,0.0,2,Arab
430,DEIR HANNA,492,0.0,2,Arab
431,IR KARMEL,494,1.0,1,Left-Wing
432,IR KARMEL,494,2.0,1,Left-Wing
433,IR KARMEL,494,3.0,1,Left-Wing
434,IR KARMEL,494,4.0,1,Left-Wing
435,IR KARMEL,494,5.0,1,Left-Wing
436,HURFEISH,496,0.0,1,Left-Wing
437,TAYIBE(BAEMEQ),497,0.0,2,Arab
438,TUR'AN,498,0.0,2,Arab
439,YAFI,499,0.0,2,Arab
440,YIRKA,502,0.0,4,Center
441,KABUL,504,0.0,2,Arab
442,KAOKAB ABU AL-HIJA,505,0.0,2,Arab
443,KAFAR YASIF,507,0.0,2,Arab
444,KAFAR KAMA,508,0.0,1,Left-Wing
445,KAFAR KANNA,509,0.0,2,Arab
446,KAFAR MANDA,510,0.0,2,Arab
447,ILUT,511,0.0,2,Arab
448,KAFAR MISR,512,0.0,2,Arab
449,EIN RAFA,514,0.0,2,Arab
450,SHAGHOR,516,0.0,2,Arab
451,MAZRA'A,517,0.0,2,Arab
452,MI'ELYA,518,0.0,2,Arab
453,MESHHED,520,0.0,2,Arab
454,EIN NAQQUBA,521,0.0,2,Arab
455,NAHEF,522,0.0,2,Arab
456,NEIN,523,0.0,2,Arab
457,NA'URA,524,0.0,2,Arab
458,SAJUR,525,0.0,4,Center
459,SULAM,526,0.0,2,Arab
460,SHEZOR,527,0.0,0,Right-Wing
461,UZEIR,528,0.0,2,Arab
462,I'BILLIN,529,0.0,2,Arab
463,EILABUN,530,0.0,2,Arab
464,ARRABE,531,0.0,2,Arab
465,EIN MAHEL,532,0.0,2,Arab
466,,534,0.0,1,Left-Wing
467,FASSUTA,535,0.0,2,Arab
468,PEQI'IN (BUQEI'A),536,0.0,4,Center
469,FUREIDIS,537,0.0,2,Arab
470,SHA'AB,538,0.0,2,Arab
471,RUMMANE,539,0.0,2,Arab
472,REIHANIYYE,540,0.0,1,Left-Wing
473,JISR AZ-ZARQA,541,0.0,2,Arab
474,REINE,542,0.0,2,Arab
475,RAME,543,0.0,2,Arab
476,EIN AL-ASAD,546,0.0,1,Left-Wing
477,TAMRA (YIZRE'EL),547,0.0,2,Arab
478,GANNOT HADAR,549,0.0,1,Left-Wing
479,NIR BANIM,553,0.0,1,Left-Wing
480,SHEDEMA,555,0.0,1,Left-Wing
481,BUSTAN HAGALIL,559,0.0,1,Left-Wing
482,BET EL'AZARI,562,0.0,1,Left-Wing
483,MISHMAR DAWID,563,0.0,1,Left-Wing
484,REVADIM,564,0.0,1,Left-Wing
485,AZOR,565,1.0,4,Center
486,AZOR,565,2.0,4,Center
487,AZOR,565,3.0,4,Center
488,ZOR'A,567,0.0,1,Left-Wing
489,ME'ONA,570,0.0,4,Center
490,BET GAMLI'EL,571,0.0,0,Right-Wing
491,BET HAEMEQ,572,0.0,1,Left-Wing
492,MAVQI'IM,573,0.0,4,Center
493,GESHER HAZIW,574,0.0,1,Left-Wing
494,YAS'UR,575,0.0,1,Left-Wing
495,KABRI,576,0.0,1,Left-Wing
496,YAD BINYAMIN,577,0.0,0,Right-Wing
497,SASA,578,0.0,1,Left-Wing
498,KEFAR ROSH HANIQRA,579,0.0,1,Left-Wing
499,KEREM MAHARAL,580,0.0,1,Left-Wing
500,KEFAR HANAGID,582,0.0,1,Left-Wing
501,ZIQIM,584,0.0,1,Left-Wing
502,LAVI,585,0.0,0,Right-Wing
503,MEGIDDO,586,0.0,1,Left-Wing
504,SAVYON,587,0.0,1,Left-Wing
505,BENE RE'EM,588,0.0,0,Right-Wing
506,BEZET,589,0.0,1,Left-Wing
507,NEWE UR,590,0.0,1,Left-Wing
508,ASERET,591,0.0,1,Left-Wing
509,BENE DAROM,592,0.0,0,Right-Wing
510,ARUGOT,593,0.0,1,Left-Wing
511,ZAFRIYYA,594,0.0,0,Right-Wing
512,LOHAME HAGETA'OT,595,0.0,1,Left-Wing
513,MALKIYYA,596,0.0,1,Left-Wing
514,PALMAHIM,597,0.0,1,Left-Wing
515,BET QAMA,598,0.0,1,Left-Wing
516,PAROD,599,0.0,1,Left-Wing
517,NIRIM,602,0.0,1,Left-Wing
518,ELQOSH,603,0.0,0,Right-Wing
519,BET ARIF,604,0.0,0,Right-Wing
520,KEFAR SHAMMAY,605,0.0,0,Right-Wing
521,MAZOR,606,0.0,1,Left-Wing
522,MERON,607,0.0,3,Ulta Orthodox
523,KEFAR HOSHEN,609,0.0,0,Right-Wing
524,SITRIYYA,610,0.0,1,Left-Wing
525,ZERUFA,612,0.0,4,Center
526,ZIPPORI,613,0.0,1,Left-Wing
527,SHOMERA,614,0.0,0,Right-Wing
528,QIDRON,615,0.0,1,Left-Wing
529,RINNATYA,616,0.0,4,Center
530,BARQAY,617,0.0,1,Left-Wing
531,HADID,618,0.0,0,Right-Wing
532,BET GUVRIN,619,0.0,1,Left-Wing
533,MASSU'OT YIZHAQ,620,0.0,4,Center
534,EN ZURIM,622,0.0,4,Center
535,YIR'ON,623,0.0,1,Left-Wing
536,JALJULYE,627,0.0,2,Arab
537,,628,0.0,2,Arab
538,KAFAR BARA,633,0.0,2,Arab
539,KAFAR QASEM,634,0.0,2,Arab
540,MUQEIBLE,635,0.0,2,Arab
541,SANDALA,636,0.0,2,Arab
542,AR'ARA,637,0.0,2,Arab
543,QALANSAWE,638,0.0,2,Arab
544,MEZER,648,0.0,1,Left-Wing
545,MEISER,649,0.0,2,Arab
546,IBTIN,652,0.0,2,Arab
547,KAFAR QARA,654,0.0,2,Arab
548,SHEIKH DANNUN,658,0.0,2,Arab
549,SHA'AR EFRAYIM,661,0.0,4,Center
550,HOSEN,662,0.0,0,Right-Wing
551,TIRAT YEHUDA,663,0.0,0,Right-Wing
552,KEREM BEN ZIMRA,664,0.0,0,Right-Wing
553,TEQUMA,665,0.0,0,Right-Wing
554,OMER,666,0.0,1,Left-Wing
555,BAR'AM,667,0.0,1,Left-Wing
556,MEFALLESIM,668,0.0,1,Left-Wing
557,MISHMAR AYYALON,670,0.0,1,Left-Wing
558,BET NEQOFA,672,0.0,4,Center
559,KEFAR TRUMAN,673,0.0,1,Left-Wing
560,LIMAN,674,0.0,1,Left-Wing
561,HABONIM,675,0.0,1,Left-Wing
562,EN HASHELOSHA,676,0.0,1,Left-Wing
563,HASOLELIM,677,0.0,1,Left-Wing
564,MA'AGAN,678,0.0,1,Left-Wing
565,AVI'EL,679,0.0,1,Left-Wing
566,OMEZ,680,0.0,1,Left-Wing
567,GIV'AT SHEMU'EL,681,1.0,4,Center
568,GIV'AT SHEMU'EL,681,2.0,0,Right-Wing
569,GIV'AT SHEMU'EL,681,3.0,4,Center
570,GIV'AT SHEMU'EL,681,4.0,0,Right-Wing
571,GIV'AT SHEMU'EL,681,5.0,1,Left-Wing
572,GIV'AT SHEMU'EL,681,6.0,0,Right-Wing
573,ELYAQIM,682,0.0,0,Right-Wing
574,GEVA  KARMEL,683,0.0,1,Left-Wing
575,HAYOGEV,684,0.0,1,Left-Wing
576,BENAYA,685,0.0,1,Left-Wing
577,NEWE YAMIN,686,0.0,0,Right-Wing
578,EN AYYALA,687,0.0,1,Left-Wing
579,ALMA,688,0.0,0,Right-Wing
580,MEGADIM,689,0.0,4,Center
581,KEFAR AHIM,690,0.0,4,Center
582,SHAFIR,692,0.0,0,Right-Wing
583,NETIV HALAMED-HE,693,0.0,1,Left-Wing
584,MA'AGAN MIKHA'EL,694,0.0,1,Left-Wing
585,MAGEN,695,0.0,1,Left-Wing
586,KEFAR HABAD,696,0.0,3,Ulta Orthodox
587,BE'EROTAYIM,697,0.0,1,Left-Wing
588,BURGETA,698,0.0,1,Left-Wing
589,NIR YISRA'EL,699,0.0,1,Left-Wing
590,HAZAV,700,0.0,4,Center
591,ARBEL,701,0.0,4,Center
592,HAON,702,0.0,1,Left-Wing
593,GIV'AT OZ,703,0.0,1,Left-Wing
594,NAHSHONIM,705,0.0,1,Left-Wing
595,GE'A,706,0.0,1,Left-Wing
596,KEFAR DANIYYEL,707,0.0,1,Left-Wing
597,AMQA,708,0.0,0,Right-Wing
598,TIFRAH,709,0.0,3,Ulta Orthodox
599,BET ZAYIT,710,0.0,1,Left-Wing
600,AZARYA,711,0.0,0,Right-Wing
601,BEN AMMI,712,0.0,1,Left-Wing
602,RE'IM,713,0.0,1,Left-Wing
603,EREZ,714,0.0,1,Left-Wing
604,LAHAVOT HAVIVA,715,0.0,1,Left-Wing
605,EYAL,716,0.0,1,Left-Wing
606,HAGOR,717,0.0,1,Left-Wing
607,YARHIV,718,0.0,0,Right-Wing
608,TEL QAZIR,719,0.0,1,Left-Wing
609,NIR GALLIM,720,0.0,0,Right-Wing
610,SEDE ILAN,721,0.0,0,Right-Wing
611,MAGSHIMIM,722,0.0,1,Left-Wing
612,BET HAGADDI,723,0.0,0,Right-Wing
613,HODIYYA,726,0.0,0,Right-Wing
614,TALME YEHI'EL,727,0.0,4,Center
615,MISHMAR HASHIV'A,729,0.0,1,Left-Wing
616,ELIFELET,730,0.0,0,Right-Wing
617,MESHAR,731,0.0,1,Left-Wing
618,MISHMAR HAYARDEN,732,0.0,4,Center
619,GAN YOSHIYYA,734,0.0,1,Left-Wing
620,RAMOT ME'IR,735,0.0,1,Left-Wing
621,GILAT,736,0.0,0,Right-Wing
622,OLESH,737,0.0,1,Left-Wing
623,DOR,738,0.0,1,Left-Wing
624,SEDE UZZIYYAHU,739,0.0,0,Right-Wing
625,ESHTA'OL,740,0.0,0,Right-Wing
626,SHO'EVA,741,0.0,4,Center
627,MESILLAT ZIYYON,742,0.0,1,Left-Wing
628,KEFAR SHEMU'EL,743,0.0,1,Left-Wing
629,TALME YAFE,744,0.0,1,Left-Wing
630,GIMZO,745,0.0,0,Right-Wing
631,BEREKHYA,746,0.0,0,Right-Wing
632,BET SHIQMA,747,0.0,0,Right-Wing
633,MASLUL,748,0.0,4,Center
634,PATTISH,749,0.0,0,Right-Wing
635,PEDUYIM,750,0.0,0,Right-Wing
636,BET ME'IR,751,0.0,0,Right-Wing
637,TA'OZ,752,0.0,0,Right-Wing
638,YANUV,753,0.0,4,Center
639,GOREN,755,0.0,0,Right-Wing
640,BET EZRA,756,0.0,4,Center
641,MAZLIAH,757,0.0,0,Right-Wing
642,YAD HANNA,758,0.0,1,Left-Wing
643,YAZIZ,759,0.0,0,Right-Wing
644,BEN ZAKKAY,760,0.0,0,Right-Wing
645,SHUVA,761,0.0,0,Right-Wing
646,BITHA,762,0.0,0,Right-Wing
647,SHETULIM,763,0.0,0,Right-Wing
648,KEFAR MORDEKHAY,764,0.0,1,Left-Wing
649,MISGAV DOV,765,0.0,1,Left-Wing
650,QOMEMIYYUT,766,0.0,3,Ulta Orthodox
651,PORAT,767,0.0,0,Right-Wing
652,KARMIYYA,768,0.0,1,Left-Wing
653,NIR EZYON,769,0.0,4,Center
654,MEVO BETAR,771,0.0,4,Center
655,EMUNIM,772,0.0,4,Center
656,AMMIQAM,773,0.0,1,Left-Wing
657,ZURI'EL,774,0.0,0,Right-Wing
658,YAD NATAN,775,0.0,1,Left-Wing
659,MAHSEYA,776,0.0,0,Right-Wing
660,NAHSHON,777,0.0,1,Left-Wing
661,TARUM,778,0.0,0,Right-Wing
662,AMMINADAV,779,0.0,4,Center
663,ORA,780,0.0,4,Center
664,EVEN SAPPIR,783,0.0,0,Right-Wing
665,BET NEHEMYA,784,0.0,4,Center
666,AHIHUD,785,0.0,0,Right-Wing
667,KEFAR ZETIM,786,0.0,0,Right-Wing
668,GIV'AT YE'ARIM,787,0.0,4,Center
669,ZETAN,788,0.0,0,Right-Wing
670,RANNEN,789,0.0,4,Center
671,MASH'EN,791,0.0,0,Right-Wing
672,NETIV HASHAYYARA,792,0.0,4,Center
673,GIV'ATI,793,0.0,0,Right-Wing
674,AGUR,794,0.0,0,Right-Wing
675,YA'ARA,795,0.0,0,Right-Wing
676,ZELAFON,796,0.0,0,Right-Wing
677,AHI'EZER,797,0.0,0,Right-Wing
678,YAGEL,798,0.0,0,Right-Wing
679,ZEKHARYA,799,0.0,0,Right-Wing
680,BET HANANYA,800,0.0,1,Left-Wing
681,HEMED,801,0.0,0,Right-Wing
682,GIV'AT KOAH,802,0.0,0,Right-Wing
683,YOSHIVYA,803,0.0,0,Right-Wing
684,AHISAMAKH,804,0.0,0,Right-Wing
685,YISH'I,805,0.0,0,Right-Wing
686,EN YAHAV,806,0.0,1,Left-Wing
687,HANNI'EL,807,0.0,1,Left-Wing
688,NIR ELIYYAHU,808,0.0,1,Left-Wing
689,NAHAM,809,0.0,0,Right-Wing
690,OFER,810,0.0,1,Left-Wing
691,YAKHINI,811,0.0,0,Right-Wing
692,SHELOMI,812,0.0,0,Right-Wing
693,EN YA'AQOV,813,0.0,0,Right-Wing
694,TELAMIM,814,0.0,0,Right-Wing
695,ZAVDI'EL,815,0.0,0,Right-Wing
696,ZANOAH,816,0.0,0,Right-Wing
697,AZRIQAM,817,0.0,0,Right-Wing
698,ZERAHYA,818,0.0,0,Right-Wing
699,AVIGEDOR,819,0.0,1,Left-Wing
700,HELEZ,820,0.0,0,Right-Wing
701,AHUZZAM,821,0.0,0,Right-Wing
702,MATTA,822,0.0,4,Center
703,BAR GIYYORA,823,0.0,0,Right-Wing
704,KOKHAV MIKHA'EL,824,0.0,1,Left-Wing
705,NES HARIM,825,0.0,4,Center
706,UZA,826,0.0,0,Right-Wing
707,NEWE MIVTAH,827,0.0,1,Left-Wing
708,YASHRESH,828,0.0,0,Right-Wing
709,MIVTAHIM,829,0.0,0,Right-Wing
710,YEROHAM,831,0.0,0,Right-Wing
711,NURIT,833,0.0,4,Center
712,GANNOT,836,0.0,1,Left-Wing
713,AZRI'EL,837,0.0,0,Right-Wing
714,PEDAYA,838,0.0,0,Right-Wing
715,PETAHYA,839,0.0,0,Right-Wing
716,KISSUFIM,840,0.0,1,Left-Wing
717,ELISHAMA,841,0.0,4,Center
718,GA'ASH,842,0.0,1,Left-Wing
719,MARGALIYYOT,843,0.0,0,Right-Wing
720,NAHAL OZ,844,0.0,1,Left-Wing
721,KEFAR AZZA,845,0.0,1,Left-Wing
722,SHEFER,846,0.0,0,Right-Wing
723,BET RABBAN,848,0.0,0,Right-Wing
724,DEVIRA,849,0.0,1,Left-Wing
725,AHITUV,850,0.0,4,Center
726,NIZZANE OZ,851,0.0,4,Center
727,GONEN,852,0.0,1,Left-Wing
728,GE'ALYA,853,0.0,1,Left-Wing
729,REHOV,854,0.0,0,Right-Wing
730,SHA'ALVIM,856,0.0,0,Right-Wing
731,KEFAR AVIV,857,0.0,1,Left-Wing
732,NEWE YARAQ,858,0.0,1,Left-Wing
733,KESALON,859,0.0,0,Right-Wing
734,SEDE ELI'EZER,861,0.0,4,Center
735,GANNE YOHANAN,862,0.0,4,Center
736,GINNATON,863,0.0,1,Left-Wing
737,BEQOA,864,0.0,0,Right-Wing
738,SHIBBOLIM,865,0.0,0,Right-Wing
739,YOTVATA,866,0.0,1,Left-Wing
740,ALLONE YIZHAQ,868,0.0,1,Left-Wing
741,GIV'AT HASHELOSHA,870,0.0,1,Left-Wing
742,ENAT,871,0.0,1,Left-Wing
743,GE'ULE TEMAN,872,0.0,0,Right-Wing
744,SHALWA,873,0.0,0,Right-Wing
745,MIGDAL HAEMEQ,874,1.0,0,Right-Wing
746,MIGDAL HAEMEQ,874,2.0,0,Right-Wing
747,MIGDAL HAEMEQ,874,3.0,0,Right-Wing
748,MIGDAL HAEMEQ,874,5.0,0,Right-Wing
749,MIGDAL HAEMEQ,874,6.0,0,Right-Wing
750,MIGDAL HAEMEQ,874,7.0,0,Right-Wing
751,MIGDAL HAEMEQ,874,9.0,0,Right-Wing
752,BET HERUT,877,0.0,1,Left-Wing
753,EN SARID,880,0.0,4,Center
754,SEDE BOQER,885,0.0,1,Left-Wing
755,KEFAR HARIF,888,0.0,1,Left-Wing
756,KEFAR HASIDIM BET,889,0.0,4,Center
757,AVDON,892,0.0,0,Right-Wing
758,SHIBLI-UMM AL-GHANAM,913,0.0,2,Arab
759,YESHA,916,0.0,4,Center
760,SEGEV,917,0.0,1,Left-Wing
761,GIV'AT YESHA'YAHU,919,0.0,1,Left-Wing
762,SHA'AR MENASHE,921,0.0,4,Center
763,REKHASIM,922,0.0,3,Ulta Orthodox
764,,939,0.0,2,Arab
765,SAWA'ID(HAMRIYYE),942,0.0,2,Arab
766,BASMAT TAB'UN,944,0.0,2,Arab
767,,956,0.0,2,Arab
768,,957,0.0,2,Arab
769,,958,0.0,2,Arab
770,,960,0.0,2,Arab
771,,961,0.0,2,Arab
772,TUBA-ZANGARIYYE,962,0.0,2,Arab
773,,963,0.0,2,Arab
774,,964,0.0,2,Arab
775,,965,0.0,2,Arab
776,,966,0.0,2,Arab
777,,967,0.0,2,Arab
778,,968,0.0,2,Arab
779,,969,0.0,2,Arab
780,,970,0.0,2,Arab
781,,972,0.0,2,Arab
782,ZARZIR,975,0.0,2,Arab
783,,976,0.0,2,Arab
784,KA'ABIYYE-TABBASH-HAJAJRE,978,0.0,2,Arab
785,RAS ALI,990,0.0,2,Arab
786,HAMAM,993,0.0,2,Arab
787,MANSHIYYET ZABDA,994,0.0,2,Arab
788,RUMAT HEIB,997,0.0,2,Arab
789,BIR EL-MAKSUR,998,0.0,2,Arab
790,MEVASSERET ZIYYON,1015,1.0,1,Left-Wing
791,MEVASSERET ZIYYON,1015,2.0,4,Center
792,MEVASSERET ZIYYON,1015,3.0,1,Left-Wing
793,MEVASSERET ZIYYON,1015,4.0,1,Left-Wing
794,MEVASSERET ZIYYON,1015,5.0,4,Center
795,MEVASSERET ZIYYON,1015,6.0,0,Right-Wing
796,OR AQIVA,1020,1.0,0,Right-Wing
797,OR AQIVA,1020,2.0,0,Right-Wing
798,OR AQIVA,1020,3.0,0,Right-Wing
799,OR AQIVA,1020,4.0,0,Right-Wing
800,OR AQIVA,1020,5.0,0,Right-Wing
801,HARUZIM,1024,0.0,1,Left-Wing
802,SEDEROT,1031,2.0,0,Right-Wing
803,SEDEROT,1031,3.0,0,Right-Wing
804,SEDEROT,1031,4.0,0,Right-Wing
805,SEDEROT,1031,5.0,0,Right-Wing
806,SEDEROT,1031,6.0,0,Right-Wing
807,SEDEROT,1031,7.0,0,Right-Wing
808,QIRYAT MAL'AKHI,1034,1.0,0,Right-Wing
809,QIRYAT MAL'AKHI,1034,2.0,0,Right-Wing
810,QIRYAT MAL'AKHI,1034,3.0,0,Right-Wing
811,QIRYAT MAL'AKHI,1034,4.0,0,Right-Wing
812,QIRYAT MAL'AKHI,1034,5.0,0,Right-Wing
813,QIRYAT MAL'AKHI,1034,6.0,0,Right-Wing
814,QIRYAT MAL'AKHI,1034,7.0,0,Right-Wing
815,QIRYAT MAL'AKHI,1034,8.0,0,Right-Wing
816,,1041,0.0,2,Arab
817,GIZO,1043,0.0,4,Center
818,YE'AF,1044,0.0,1,Left-Wing
819,SHETULA,1045,0.0,0,Right-Wing
820,OHAD,1046,0.0,4,Center
821,HAZON,1047,0.0,0,Right-Wing
822,BET HASHMONAY,1050,0.0,4,Center
823,TALME ELIYYAHU,1051,0.0,0,Right-Wing
824,QETURA,1052,0.0,1,Left-Wing
825,TEL SHEVA,1054,1.0,2,Arab
826,TEL SHEVA,1054,2.0,2,Arab
827,TEL SHEVA,1054,3.0,2,Arab
828,NEWE ZOHAR,1057,0.0,4,Center
829,SEDE NIZZAN,1058,0.0,1,Left-Wing
830,KUSEIFE,1059,0.0,2,Arab
831,LAQYE,1060,0.0,2,Arab
832,NAZERAT ILLIT,1061,11.0,0,Right-Wing
833,NAZERAT ILLIT,1061,12.0,0,Right-Wing
834,NAZERAT ILLIT,1061,21.0,2,Arab
835,NAZERAT ILLIT,1061,22.0,0,Right-Wing
836,NAZERAT ILLIT,1061,23.0,0,Right-Wing
837,NAZERAT ILLIT,1061,24.0,0,Right-Wing
838,NAZERAT ILLIT,1061,31.0,0,Right-Wing
839,NAZERAT ILLIT,1061,32.0,4,Center
840,NAZERAT ILLIT,1061,33.0,0,Right-Wing
841,NAZERAT ILLIT,1061,34.0,0,Right-Wing
842,NAZERAT ILLIT,1061,41.0,0,Right-Wing
843,NAZERAT ILLIT,1061,42.0,0,Right-Wing
844,NAZERAT ILLIT,1061,43.0,0,Right-Wing
845,MA'ALOT-TARSHIHA,1063,1.0,0,Right-Wing
846,MA'ALOT-TARSHIHA,1063,3.0,0,Right-Wing
847,MA'ALOT-TARSHIHA,1063,4.0,0,Right-Wing
848,MA'ALOT-TARSHIHA,1063,5.0,0,Right-Wing
849,MA'ALOT-TARSHIHA,1063,6.0,2,Arab
850,AMIRIM,1064,0.0,1,Left-Wing
851,ZIMRAT,1065,0.0,0,Right-Wing
852,BENE AYISH,1066,0.0,0,Right-Wing
853,DOVEV,1067,0.0,0,Right-Wing
854,ADAMIT,1068,0.0,1,Left-Wing
855,RAM-ON,1069,0.0,1,Left-Wing
856,AVI'EZER,1070,0.0,4,Center
857,NEWE MIKHA'EL,1071,0.0,0,Right-Wing
858,GAN HADAROM,1072,0.0,4,Center
859,GIV'AT SHAPPIRA,1077,0.0,1,Left-Wing
860,ZAFRIRIM,1079,0.0,4,Center
861,MABBU'IM,1080,0.0,0,Right-Wing
862,EVEN MENAHEM,1081,0.0,0,Right-Wing
863,MA'GALIM,1082,0.0,0,Right-Wing
864,TUSHIYYA,1083,0.0,0,Right-Wing
865,BEN SHEMEN(K.NO'AR),1084,0.0,1,Left-Wing
866,KEREM SHALOM,1085,0.0,4,Center
867,KEREM YAVNE(YESHIVA),1094,0.0,3,Ulta Orthodox
868,KEFAR MAYMON,1095,0.0,0,Right-Wing
869,MERKAZ SHAPPIRA,1098,0.0,0,Right-Wing
870,ZUQI YAM,1102,0.0,1,Left-Wing
871,GANNE HADAR,1103,0.0,1,Left-Wing
872,PORIYYA-KEFAR AVODA,1104,0.0,0,Right-Wing
873,PORIYYA-NEWE OVED,1105,0.0,0,Right-Wing
874,OMEN,1108,0.0,0,Right-Wing
875,HEVER,1110,0.0,0,Right-Wing
876,YODEFAT,1112,0.0,1,Left-Wing
877,ZUR HADASSA,1113,0.0,4,Center
878,SRIGIM (LI-ON),1114,0.0,1,Left-Wing
879,AVIVIM,1115,0.0,0,Right-Wing
880,ADDERET,1123,0.0,0,Right-Wing
881,NE'OT HAKIKKAR,1124,0.0,1,Left-Wing
882,ALMAGOR,1125,0.0,1,Left-Wing
883,ELOT,1126,0.0,1,Left-Wing
884,MA'ALE GILBOA,1127,0.0,4,Center
885,ME AMMI,1128,0.0,1,Left-Wing
886,GEROFIT,1129,0.0,1,Left-Wing
887,KEFAR ROZENWALD(ZARIT),1130,0.0,0,Right-Wing
888,SENIR,1132,0.0,1,Left-Wing
889,WARDON,1133,0.0,4,Center
890,YAD HASHEMONA,1134,0.0,4,Center
891,ZOHAR,1136,0.0,4,Center
892,QIRYAT YE'ARIM,1137,0.0,3,Ulta Orthodox
893,YA'AD,1138,0.0,1,Left-Wing
894,KARMI'EL,1139,12.0,4,Center
895,KARMI'EL,1139,13.0,0,Right-Wing
896,KARMI'EL,1139,14.0,4,Center
897,KARMI'EL,1139,21.0,4,Center
898,KARMI'EL,1139,22.0,4,Center
899,KARMI'EL,1139,23.0,4,Center
900,KARMI'EL,1139,24.0,4,Center
901,KARMI'EL,1139,31.0,4,Center
902,KARMI'EL,1139,32.0,4,Center
903,KARMI'EL,1139,33.0,4,Center
904,KARMI'EL,1139,34.0,4,Center
905,KARMI'EL,1139,35.0,4,Center
906,MIDRESHET BEN GURION,1140,0.0,1,Left-Wing
907,MEVO MODI'IM,1141,0.0,0,Right-Wing
908,NES AMMIM,1143,0.0,1,Left-Wing
909,ALUMMA,1145,0.0,3,Ulta Orthodox
910,ALUMIM,1146,0.0,0,Right-Wing
911,NETU'A,1147,0.0,0,Right-Wing
912,ZUR NATAN,1148,0.0,1,Left-Wing
913,EZER,1149,0.0,4,Center
914,ZOFAR,1150,0.0,1,Left-Wing
915,PARAN,1151,0.0,1,Left-Wing
916,ASHALIM,1152,0.0,4,Center
917,KISHOR,1153,0.0,1,Left-Wing
918,MAGEN SHA'UL,1155,0.0,0,Right-Wing
919,SAMAR,1156,0.0,1,Left-Wing
920,AHAWA,1157,0.0,1,Left-Wing
921,YAHEL,1158,0.0,1,Left-Wing
922,SHEKHANYA,1160,0.0,1,Left-Wing
923,RAHAT,1161,1.0,2,Arab
924,RAHAT,1161,2.0,2,Arab
925,RAHAT,1161,3.0,2,Arab
926,RAHAT,1161,4.0,2,Arab
927,RAHAT,1161,5.0,2,Arab
928,RAHAT,1161,6.0,2,Arab
929,RAHAT,1161,7.0,2,Arab
930,RAHAT,1161,8.0,2,Arab
931,RAHAT,1161,9.0,2,Arab
932,RAHAT,1161,10.0,2,Arab
933,RAHAT,1161,11.0,2,Arab
934,BET RIMMON,1162,0.0,0,Right-Wing
935,MORAN,1163,0.0,1,Left-Wing
936,SHILAT,1165,0.0,1,Left-Wing
937,KEFAR RUT,1166,0.0,1,Left-Wing
938,QESARYYA,1167,0.0,1,Left-Wing
939,,1169,0.0,2,Arab
940,,1170,0.0,2,Arab
941,LOTEM,1171,0.0,1,Left-Wing
942,TUVAL,1172,0.0,1,Left-Wing
943,LAPPIDOT,1173,0.0,0,Right-Wing
944,MANOF,1174,0.0,1,Left-Wing
945,IDDAN,1175,0.0,1,Left-Wing
946,SAPPIR,1176,0.0,4,Center
947,TELALIM,1177,0.0,1,Left-Wing
948,MORESHET,1178,0.0,0,Right-Wing
949,QORANIT,1179,0.0,1,Left-Wing
950,ZVIYYA,1180,0.0,1,Left-Wing
951,TAL-EL,1181,0.0,1,Left-Wing
952,ALLON HAGALIL,1182,0.0,1,Left-Wing
953,KELIL,1183,0.0,1,Left-Wing
954,MATTAT,1184,0.0,1,Left-Wing
955,HOSHA'AYA,1186,0.0,4,Center
956,ESHHAR,1188,0.0,4,Center
957,MIZPE NETOFA,1190,0.0,0,Right-Wing
958,BAR YOHAY,1191,0.0,0,Right-Wing
959,AR'ARA-BANEGEV,1192,0.0,2,Arab
960,AR'ARA-BANEGEV,1192,1.0,2,Arab
961,AR'ARA-BANEGEV,1192,2.0,2,Arab
962,AR'ARA-BANEGEV,1192,3.0,2,Arab
963,NIZZANA (QEHILAT HINUH),1195,0.0,4,Center
964,NE'OT SMADAR,1197,0.0,1,Left-Wing
965,KERAMIM,1198,0.0,1,Left-Wing
966,ADI,1199,0.0,1,Left-Wing
967,MODI'IN-MAKKABBIM-RE'UT,1200,11.0,1,Left-Wing
968,MODI'IN-MAKKABBIM-RE'UT,1200,12.0,4,Center
969,MODI'IN-MAKKABBIM-RE'UT,1200,13.0,4,Center
970,MODI'IN-MAKKABBIM-RE'UT,1200,15.0,1,Left-Wing
971,MODI'IN-MAKKABBIM-RE'UT,1200,16.0,4,Center
972,MODI'IN-MAKKABBIM-RE'UT,1200,17.0,1,Left-Wing
973,MODI'IN-MAKKABBIM-RE'UT,1200,21.0,4,Center
974,MODI'IN-MAKKABBIM-RE'UT,1200,22.0,1,Left-Wing
975,MODI'IN-MAKKABBIM-RE'UT,1200,23.0,1,Left-Wing
976,MODI'IN-MAKKABBIM-RE'UT,1200,24.0,4,Center
977,MODI'IN-MAKKABBIM-RE'UT,1200,25.0,4,Center
978,MODI'IN-MAKKABBIM-RE'UT,1200,26.0,4,Center
979,MODI'IN-MAKKABBIM-RE'UT,1200,31.0,4,Center
980,MODI'IN-MAKKABBIM-RE'UT,1200,33.0,4,Center
981,MODI'IN-MAKKABBIM-RE'UT,1200,34.0,4,Center
982,MODI'IN-MAKKABBIM-RE'UT,1200,41.0,1,Left-Wing
983,MODI'IN-MAKKABBIM-RE'UT,1200,42.0,1,Left-Wing
984,MODI'IN-MAKKABBIM-RE'UT,1200,43.0,1,Left-Wing
985,KAMMON,1201,0.0,1,Left-Wing
986,MIKHMANNIM,1202,0.0,1,Left-Wing
987,HARARIT,1203,0.0,1,Left-Wing
988,GILON,1204,0.0,1,Left-Wing
989,MANOT,1205,0.0,0,Right-Wing
990,GITTA,1206,0.0,4,Center
991,LAVON,1207,0.0,1,Left-Wing
992,HILLA,1208,0.0,1,Left-Wing
993,HARASHIM,1209,0.0,1,Left-Wing
994,KAHAL,1210,0.0,1,Left-Wing
995,QADDARIM,1211,0.0,1,Left-Wing
996,AMUQQA,1212,0.0,1,Left-Wing
997,ZIV'ON,1213,0.0,1,Left-Wing
998,TEFAHOT,1214,0.0,0,Right-Wing
999,GORNOT HAGALIL,1219,0.0,0,Right-Wing
1000,ABBIRIM,1220,0.0,1,Left-Wing
1001,ZURIT,1221,0.0,1,Left-Wing
1002,MIZPE AVIV,1222,0.0,1,Left-Wing
1003,SEDE AVRAHAM,1223,0.0,1,Left-Wing
1004,KOKHAV YA'IR,1224,1.0,1,Left-Wing
1005,KOKHAV YA'IR,1224,3.0,1,Left-Wing
1006,YUVALLIM,1226,0.0,1,Left-Wing
1007,YATED,1227,0.0,4,Center
1008,RAQQEFET,1228,0.0,1,Left-Wing
1009,KALLANIT,1229,0.0,0,Right-Wing
1010,LIVNIM,1230,0.0,4,Center
1011,PERI GAN,1231,0.0,0,Right-Wing
1012,YEVUL,1232,0.0,1,Left-Wing
1013,SHEQEF,1233,0.0,1,Left-Wing
1014,,1234,0.0,2,Arab
1015,SHORASHIM,1235,0.0,1,Left-Wing
1016,NIRIT,1236,0.0,1,Left-Wing
1017,TALME YOSEF,1237,0.0,1,Left-Wing
1018,SUFA,1238,0.0,1,Left-Wing
1019,HOLIT,1239,0.0,1,Left-Wing
1020,EN HABESOR,1240,0.0,1,Left-Wing
1021,DEQEL,1241,0.0,4,Center
1022,NETIV HAASARA,1242,0.0,1,Left-Wing
1023,,1243,0.0,1,Left-Wing
1024,TIMRAT,1244,0.0,1,Left-Wing
1025,SALLAMA,1245,0.0,2,Arab
1026,ARAMSHA,1246,0.0,2,Arab
1027,QAZIR-HARISH,1247,0.0,4,Center
1028,ELIFAZ,1248,0.0,1,Left-Wing
1029,HARDUF,1249,0.0,1,Left-Wing
1030,EN TAMAR,1251,0.0,1,Left-Wing
1031,KORAZIM,1252,0.0,1,Left-Wing
1032,AMNUN,1253,0.0,4,Center
1033,NATAF,1254,0.0,1,Left-Wing
1034,LOTAN,1255,0.0,1,Left-Wing
1035,ASHERAT,1256,0.0,0,Right-Wing
1036,HANNATON,1257,0.0,1,Left-Wing
1037,MASSAD,1258,0.0,1,Left-Wing
1038,NEWE SHALOM,1259,0.0,2,Arab
1039,RETAMIM,1260,0.0,4,Center
1040,HAR AMASA,1261,0.0,1,Left-Wing
1041,ZUQIM,1262,0.0,1,Left-Wing
1042,KEFAR WERADIM,1263,0.0,1,Left-Wing
1043,KARME YOSEF,1264,0.0,1,Left-Wing
1044,SHOMERIYYA,1265,0.0,0,Right-Wing
1045,SHAHARUT,1266,0.0,1,Left-Wing
1046,METAR,1268,0.0,4,Center
1047,LEHAVIM,1271,0.0,1,Left-Wing
1048,HALUZ,1272,0.0,1,Left-Wing
1049,GAN NER,1274,0.0,4,Center
1050,AVTALYON,1275,0.0,1,Left-Wing
1051,NIZZANE SINAY,1280,0.0,1,Left-Wing
1052,MERAV,1282,0.0,0,Right-Wing
1053,TEL TE'OMIM,1283,0.0,0,Right-Wing
1054,NOFIT,1284,0.0,1,Left-Wing
1055,KARKOM,1285,0.0,1,Left-Wing
1056,SEGEV-SHALOM,1286,0.0,2,Arab
1057,SHANI,1287,0.0,4,Center
1058,GIV'AT ELA,1288,0.0,1,Left-Wing
1059,ZEMER,1290,0.0,2,Arab
1060,KEMEHIN,1291,0.0,1,Left-Wing
1061,JUDEIDE-MAKER,1292,0.0,2,Arab
1062,GIV'AT AVNI,1293,0.0,4,Center
1063,OR HAGANUZ,1294,0.0,3,Ulta Orthodox
1064,YANUH-JAT,1295,0.0,4,Center
1065,KISRA-SUMEI,1296,0.0,4,Center
1066,KEFAR HANANYA,1297,0.0,4,Center
1067,HURA,1303,0.0,2,Arab
1068,SHOHAM,1304,1.0,1,Left-Wing
1069,SHOHAM,1304,2.0,4,Center
1070,SHOHAM,1304,3.0,1,Left-Wing
1071,SHOHAM,1304,4.0,1,Left-Wing
1072,EL'AD,1309,1.0,3,Ulta Orthodox
1073,EL'AD,1309,2.0,3,Ulta Orthodox
1074,EL'AD,1309,3.0,3,Ulta Orthodox
1075,EL'AD,1309,4.0,3,Ulta Orthodox
1076,EL'AD,1309,5.0,3,Ulta Orthodox
1077,EL'AD,1309,6.0,3,Ulta Orthodox
1078,EL'AD,1309,7.0,3,Ulta Orthodox
1079,LAPPID,1310,0.0,1,Left-Wing
1080,AVSHALOM,1311,0.0,4,Center
1081,PORIYYA ILLIT,1313,0.0,0,Right-Wing
1082,NEWE ZIV,1314,0.0,4,Center
1083,MATTAN,1315,0.0,1,Left-Wing
1084,AL-ARYAN,1316,0.0,2,Arab
1085,DEMEIDE,1317,0.0,2,Arab
1086,BAT HEFER,1319,0.0,1,Left-Wing
1087,EIN HOD,1320,0.0,2,Arab
1088,KHAWALED,1321,0.0,2,Arab
1089,BAT HADAR,1323,0.0,4,Center
1090,ARSUF,1324,0.0,1,Left-Wing
1091,BASMA,1326,0.0,2,Arab
1092,MA'ALE IRON,1327,0.0,2,Arab
1093,AHUZZAT BARAQ,1330,0.0,4,Center
1094,KAMANE,1331,0.0,2,Arab
1095,HUSSNIYYA,1332,0.0,2,Arab
1096,NOF AYYALON,1333,0.0,0,Right-Wing
1097,RAS AL-EIN,1334,0.0,2,Arab
1098,ARAB AL NAIM,1335,0.0,0,Right-Wing
1099,,1336,0.0,1,Left-Wing
1100,SHIMSHIT,1337,0.0,1,Left-Wing
1101,,1338,0.0,4,Center
1102,MERHAV AM,1340,0.0,0,Right-Wing
1103,ABU QUREINAT,1342,0.0,2,Arab
1104,MAKCHUL,1343,0.0,2,Arab
1105,GEVA'OT BAR,1344,0.0,4,Center
1106,,1345,0.0,1,Left-Wing
1107,TARABIN AS-SANI,1346,0.0,2,Arab
1108,QASR A-SIR,1347,0.0,2,Arab
1109,BIR HADAGE,1348,0.0,2,Arab
1110,DERIG'AT,1349,0.0,2,Arab
1111,UMM BATIN,1358,0.0,2,Arab
1112,AL SAYYID,1359,0.0,2,Arab
1113,MOLADA*,1360,0.0,2,Arab
1114,BAT HEN,1361,0.0,1,Left-Wing
1115,,1363,0.0,0,Right-Wing
1116,,1364,0.0,0,Right-Wing
1117,,1365,0.0,1,Left-Wing
1118,,1366,0.0,3,Ulta Orthodox
1119,,1367,0.0,2,Arab
1120,,1368,0.0,0,Right-Wing
1121,,1369,0.0,0,Right-Wing
1122,,1370,0.0,0,Right-Wing
1123,,1371,0.0,0,Right-Wing
1124,,1372,0.0,0,Right-Wing
1125,,1374,0.0,0,Right-Wing
1126,,1375,0.0,2,Arab
1127,,1376,0.0,0,Right-Wing
1128,,1411,0.0,1,Left-Wing
1129,,1412,0.0,1,Left-Wing
1130,,1413,0.0,4,Center
1131,,1414,0.0,1,Left-Wing
1132,,1415,0.0,4,Center
1133,,1416,0.0,1,Left-Wing
1134,,1418,0.0,4,Center
1135,NIZZAN B,1419,0.0,0,Right-Wing
1136,TENUVOT,2002,0.0,4,Center
1137,TALME EL'AZAR,2003,0.0,1,Left-Wing
1138,SEDE YIZHAQ,2008,0.0,1,Left-Wing
1139,YUVAL,2009,0.0,4,Center
1140,KEFAR BIN NUN,2010,0.0,1,Left-Wing
1141,YINNON,2011,0.0,0,Right-Wing
1142,OROT,2012,0.0,1,Left-Wing
1143,BEN SHEMEN (MOSHAV),2013,0.0,1,Left-Wing
1144,GIV'OLIM,2014,0.0,0,Right-Wing
1145,SEDE HEMED,2015,0.0,1,Left-Wing
1146,REWAYA,2016,0.0,0,Right-Wing
1147,GIV'AT HAYYIM (IHUD),2018,0.0,1,Left-Wing
1148,ESHEL HANASI,2021,0.0,4,Center
1149,LAHAV,2023,0.0,1,Left-Wing
1150,UMM AL-QUTUF,2024,0.0,2,Arab
1151,YARDENA,2026,0.0,0,Right-Wing
1152,MIDRAKH OZ,2029,0.0,0,Right-Wing
1153,MENUHA,2030,0.0,0,Right-Wing
1154,BET HILQIYYA,2033,0.0,3,Ulta Orthodox
1155,HAZOR HAGELILIT,2034,0.0,0,Right-Wing
1156,ADANIM,2035,0.0,1,Left-Wing
1157,BAREQET,2038,0.0,0,Right-Wing
1158,EN GEDI,2042,0.0,1,Left-Wing
1159,BAHAN,2043,0.0,1,Left-Wing
1160,MELILOT,2044,0.0,0,Right-Wing
1161,NAHALA,2045,0.0,0,Right-Wing
1162,SEGULLA,2046,0.0,1,Left-Wing
1163,NIR MOSHE,2047,0.0,4,Center
1164,NIR AQIVA,2048,0.0,4,Center
1165,SEDE ZEVI,2049,0.0,0,Right-Wing
1166,TALME BILU,2050,0.0,0,Right-Wing
1167,REWAHA,2051,0.0,0,Right-Wing
1168,AVITAL,2052,0.0,0,Right-Wing
1169,PERAZON,2053,0.0,0,Right-Wing
1170,METAV,2054,0.0,0,Right-Wing
1171,MA'OR,2055,0.0,4,Center
1172,SEDE TERUMOT,2057,0.0,0,Right-Wing
1173,PA'AME TASHAZ,2059,0.0,0,Right-Wing
1174,BEROSH,2060,0.0,0,Right-Wing
1175,TIDHAR,2061,0.0,0,Right-Wing
1176,TE'ASHUR,2062,0.0,4,Center
1177,DISHON,2063,0.0,0,Right-Wing
1178,ZERU'A,2064,0.0,0,Right-Wing
1179,TIRAT KARMEL,2100,1.0,0,Right-Wing
1180,TIRAT KARMEL,2100,2.0,4,Center
1181,TIRAT KARMEL,2100,3.0,0,Right-Wing
1182,TIRAT KARMEL,2100,4.0,0,Right-Wing
1183,TIRAT KARMEL,2100,5.0,0,Right-Wing
1184,TIRAT KARMEL,2100,6.0,0,Right-Wing
1185,TIRAT KARMEL,2100,7.0,0,Right-Wing
1186,DIMONA,2200,2.0,0,Right-Wing
1187,DIMONA,2200,3.0,0,Right-Wing
1188,DIMONA,2200,4.0,0,Right-Wing
1189,DIMONA,2200,5.0,0,Right-Wing
1190,DIMONA,2200,6.0,0,Right-Wing
1191,DIMONA,2200,7.0,0,Right-Wing
1192,DIMONA,2200,8.0,0,Right-Wing
1193,DIMONA,2200,9.0,0,Right-Wing
1194,DIMONA,2200,10.0,0,Right-Wing
1195,DIMONA,2200,11.0,0,Right-Wing
1196,DIMONA,2200,12.0,0,Right-Wing
1197,QIRYAT TIV'ON,2300,1.0,1,Left-Wing
1198,QIRYAT TIV'ON,2300,2.0,1,Left-Wing
1199,QIRYAT TIV'ON,2300,3.0,1,Left-Wing
1200,QIRYAT TIV'ON,2300,4.0,1,Left-Wing
1201,OR YEHUDA,2400,1.0,0,Right-Wing
1202,OR YEHUDA,2400,2.0,0,Right-Wing
1203,OR YEHUDA,2400,3.0,0,Right-Wing
1204,OR YEHUDA,2400,4.0,0,Right-Wing
1205,OR YEHUDA,2400,5.0,0,Right-Wing
1206,OR YEHUDA,2400,7.0,0,Right-Wing
1207,OR YEHUDA,2400,8.0,0,Right-Wing
1208,OR YEHUDA,2400,9.0,4,Center
1209,OR YEHUDA,2400,10.0,4,Center
1210,OR YEHUDA,2400,11.0,0,Right-Wing
1211,OR YEHUDA,2400,12.0,0,Right-Wing
1212,OR YEHUDA,2400,13.0,0,Right-Wing
1213,NESHER,2500,1.0,0,Right-Wing
1214,NESHER,2500,2.0,0,Right-Wing
1215,NESHER,2500,3.0,4,Center
1216,NESHER,2500,4.0,4,Center
1217,NESHER,2500,5.0,4,Center
1218,NESHER,2500,6.0,4,Center
1219,NESHER,2500,7.0,4,Center
1220,BE'ER YA'AQOV,2530,0.0,4,Center
1221,GEDERA,2550,1.0,0,Right-Wing
1222,GEDERA,2550,2.0,4,Center
1223,GEDERA,2550,3.0,0,Right-Wing
1224,GEDERA,2550,4.0,4,Center
1225,GEDERA,2550,5.0,4,Center
1226,ARAD,2560,1.0,4,Center
1227,ARAD,2560,2.0,4,Center
1228,ARAD,2560,3.0,4,Center
1229,ARAD,2560,5.0,4,Center
1230,ARAD,2560,6.0,4,Center
1231,ELAT,2600,11.0,0,Right-Wing
1232,ELAT,2600,12.0,0,Right-Wing
1233,ELAT,2600,14.0,0,Right-Wing
1234,ELAT,2600,15.0,0,Right-Wing
1235,ELAT,2600,16.0,4,Center
1236,ELAT,2600,21.0,0,Right-Wing
1237,ELAT,2600,22.0,0,Right-Wing
1238,ELAT,2600,23.0,0,Right-Wing
1239,ELAT,2600,24.0,4,Center
1240,ELAT,2600,25.0,4,Center
1241,ELAT,2600,31.0,4,Center
1242,ELAT,2600,33.0,4,Center
1243,ELAT,2600,34.0,0,Right-Wing
1244,ELAT,2600,35.0,0,Right-Wing
1245,ELAT,2600,36.0,0,Right-Wing
1246,BET SHEMESH,2610,11.0,0,Right-Wing
1247,BET SHEMESH,2610,12.0,3,Ulta Orthodox
1248,BET SHEMESH,2610,13.0,0,Right-Wing
1249,BET SHEMESH,2610,14.0,0,Right-Wing
1250,BET SHEMESH,2610,15.0,0,Right-Wing
1251,BET SHEMESH,2610,16.0,0,Right-Wing
1252,BET SHEMESH,2610,21.0,0,Right-Wing
1253,BET SHEMESH,2610,22.0,0,Right-Wing
1254,BET SHEMESH,2610,23.0,0,Right-Wing
1255,BET SHEMESH,2610,24.0,0,Right-Wing
1256,BET SHEMESH,2610,25.0,0,Right-Wing
1257,BET SHEMESH,2610,26.0,3,Ulta Orthodox
1258,BET SHEMESH,2610,27.0,3,Ulta Orthodox
1259,BET SHEMESH,2610,31.0,3,Ulta Orthodox
1260,BET SHEMESH,2610,32.0,3,Ulta Orthodox
1261,BET SHEMESH,2610,33.0,3,Ulta Orthodox
1262,BET SHEMESH,2610,34.0,3,Ulta Orthodox
1263,BET SHEMESH,2610,35.0,0,Right-Wing
1264,BET SHEMESH,2610,36.0,3,Ulta Orthodox
1265,BET SHEMESH,2610,37.0,3,Ulta Orthodox
1266,BET SHEMESH,2610,38.0,3,Ulta Orthodox
1267,QIRYAT ONO,2620,1.0,1,Left-Wing
1268,QIRYAT ONO,2620,2.0,1,Left-Wing
1269,QIRYAT ONO,2620,3.0,1,Left-Wing
1270,QIRYAT ONO,2620,4.0,4,Center
1271,QIRYAT ONO,2620,5.0,1,Left-Wing
1272,QIRYAT ONO,2620,6.0,1,Left-Wing
1273,QIRYAT ONO,2620,7.0,4,Center
1274,QIRYAT ONO,2620,8.0,1,Left-Wing
1275,QIRYAT GAT,2630,12.0,0,Right-Wing
1276,QIRYAT GAT,2630,13.0,0,Right-Wing
1277,QIRYAT GAT,2630,14.0,0,Right-Wing
1278,QIRYAT GAT,2630,15.0,0,Right-Wing
1279,QIRYAT GAT,2630,21.0,0,Right-Wing
1280,QIRYAT GAT,2630,22.0,0,Right-Wing
1281,QIRYAT GAT,2630,23.0,0,Right-Wing
1282,QIRYAT GAT,2630,24.0,0,Right-Wing
1283,QIRYAT GAT,2630,25.0,0,Right-Wing
1284,QIRYAT GAT,2630,26.0,0,Right-Wing
1285,QIRYAT GAT,2630,31.0,0,Right-Wing
1286,QIRYAT GAT,2630,32.0,3,Ulta Orthodox
1287,QIRYAT GAT,2630,33.0,3,Ulta Orthodox
1288,QIRYAT GAT,2630,34.0,0,Right-Wing
1289,QIRYAT GAT,2630,35.0,0,Right-Wing
1290,QIRYAT GAT,2630,36.0,0,Right-Wing
1291,QIRYAT GAT,2630,37.0,0,Right-Wing
1292,ROSH HAAYIN,2640,1.0,4,Center
1293,ROSH HAAYIN,2640,2.0,0,Right-Wing
1294,ROSH HAAYIN,2640,3.0,0,Right-Wing
1295,ROSH HAAYIN,2640,4.0,0,Right-Wing
1296,ROSH HAAYIN,2640,5.0,0,Right-Wing
1297,ROSH HAAYIN,2640,6.0,0,Right-Wing
1298,ROSH HAAYIN,2640,7.0,0,Right-Wing
1299,ROSH HAAYIN,2640,8.0,1,Left-Wing
1300,ROSH HAAYIN,2640,9.0,4,Center
1301,ROSH HAAYIN,2640,11.0,1,Left-Wing
1302,ROSH HAAYIN,2640,12.0,1,Left-Wing
1303,ROSH HAAYIN,2640,13.0,1,Left-Wing
1304,RAMAT HASHARON,2650,11.0,4,Center
1305,RAMAT HASHARON,2650,13.0,4,Center
1306,RAMAT HASHARON,2650,14.0,1,Left-Wing
1307,RAMAT HASHARON,2650,21.0,1,Left-Wing
1308,RAMAT HASHARON,2650,22.0,1,Left-Wing
1309,RAMAT HASHARON,2650,23.0,1,Left-Wing
1310,RAMAT HASHARON,2650,24.0,1,Left-Wing
1311,RAMAT HASHARON,2650,31.0,1,Left-Wing
1312,RAMAT HASHARON,2650,32.0,1,Left-Wing
1313,RAMAT HASHARON,2650,33.0,1,Left-Wing
1314,RAMAT HASHARON,2650,36.0,1,Left-Wing
1315,YAVNE,2660,2.0,4,Center
1316,YAVNE,2660,3.0,1,Left-Wing
1317,YAVNE,2660,4.0,0,Right-Wing
1318,YAVNE,2660,5.0,0,Right-Wing
1319,YAVNE,2660,6.0,0,Right-Wing
1320,YAVNE,2660,7.0,0,Right-Wing
1321,YAVNE,2660,8.0,4,Center
1322,YAVNE,2660,9.0,4,Center
1323,UMM AL-FAHM,2710,11.0,2,Arab
1324,UMM AL-FAHM,2710,12.0,2,Arab
1325,UMM AL-FAHM,2710,13.0,2,Arab
1326,UMM AL-FAHM,2710,14.0,2,Arab
1327,UMM AL-FAHM,2710,15.0,2,Arab
1328,UMM AL-FAHM,2710,21.0,2,Arab
1329,UMM AL-FAHM,2710,22.0,2,Arab
1330,UMM AL-FAHM,2710,31.0,2,Arab
1331,UMM AL-FAHM,2710,32.0,2,Arab
1332,UMM AL-FAHM,2710,33.0,2,Arab
1333,UMM AL-FAHM,2710,34.0,2,Arab
1334,TIRE,2720,0.0,2,Arab
1335,TAYIBE,2730,0.0,2,Arab
1336,QIRYAT SHEMONA,2800,2.0,0,Right-Wing
1337,QIRYAT SHEMONA,2800,3.0,0,Right-Wing
1338,QIRYAT SHEMONA,2800,4.0,0,Right-Wing
1339,QIRYAT SHEMONA,2800,5.0,0,Right-Wing
1340,QIRYAT SHEMONA,2800,6.0,0,Right-Wing
1341,QIRYAT SHEMONA,2800,7.0,0,Right-Wing
1342,QIRYAT SHEMONA,2800,8.0,0,Right-Wing
1343,QIRYAT SHEMONA,2800,10.0,0,Right-Wing
1344,JERUSALEM,3000,111.0,3,Ulta Orthodox
1345,JERUSALEM,3000,112.0,3,Ulta Orthodox
1346,JERUSALEM,3000,113.0,3,Ulta Orthodox
1347,JERUSALEM,3000,114.0,3,Ulta Orthodox
1348,JERUSALEM,3000,115.0,3,Ulta Orthodox
1349,JERUSALEM,3000,116.0,3,Ulta Orthodox
1350,JERUSALEM,3000,121.0,0,Right-Wing
1351,JERUSALEM,3000,122.0,0,Right-Wing
1352,JERUSALEM,3000,123.0,0,Right-Wing
1353,JERUSALEM,3000,124.0,0,Right-Wing
1354,JERUSALEM,3000,125.0,0,Right-Wing
1355,JERUSALEM,3000,131.0,0,Right-Wing
1356,JERUSALEM,3000,132.0,0,Right-Wing
1357,JERUSALEM,3000,133.0,0,Right-Wing
1358,JERUSALEM,3000,134.0,0,Right-Wing
1359,JERUSALEM,3000,135.0,0,Right-Wing
1360,JERUSALEM,3000,136.0,0,Right-Wing
1361,JERUSALEM,3000,411.0,3,Ulta Orthodox
1362,JERUSALEM,3000,412.0,3,Ulta Orthodox
1363,JERUSALEM,3000,413.0,3,Ulta Orthodox
1364,JERUSALEM,3000,421.0,3,Ulta Orthodox
1365,JERUSALEM,3000,422.0,3,Ulta Orthodox
1366,JERUSALEM,3000,423.0,3,Ulta Orthodox
1367,JERUSALEM,3000,424.0,3,Ulta Orthodox
1368,JERUSALEM,3000,425.0,3,Ulta Orthodox
1369,JERUSALEM,3000,426.0,3,Ulta Orthodox
1370,JERUSALEM,3000,431.0,0,Right-Wing
1371,JERUSALEM,3000,432.0,3,Ulta Orthodox
1372,JERUSALEM,3000,433.0,0,Right-Wing
1373,JERUSALEM,3000,434.0,3,Ulta Orthodox
1374,JERUSALEM,3000,435.0,3,Ulta Orthodox
1375,JERUSALEM,3000,512.0,3,Ulta Orthodox
1376,JERUSALEM,3000,513.0,3,Ulta Orthodox
1377,JERUSALEM,3000,514.0,3,Ulta Orthodox
1378,JERUSALEM,3000,515.0,3,Ulta Orthodox
1379,JERUSALEM,3000,521.0,3,Ulta Orthodox
1380,JERUSALEM,3000,522.0,3,Ulta Orthodox
1381,JERUSALEM,3000,523.0,3,Ulta Orthodox
1382,JERUSALEM,3000,531.0,3,Ulta Orthodox
1383,JERUSALEM,3000,532.0,3,Ulta Orthodox
1384,JERUSALEM,3000,533.0,3,Ulta Orthodox
1385,JERUSALEM,3000,541.0,4,Center
1386,JERUSALEM,3000,543.0,4,Center
1387,JERUSALEM,3000,812.0,0,Right-Wing
1388,JERUSALEM,3000,821.0,3,Ulta Orthodox
1389,JERUSALEM,3000,822.0,3,Ulta Orthodox
1390,JERUSALEM,3000,823.0,3,Ulta Orthodox
1391,JERUSALEM,3000,824.0,3,Ulta Orthodox
1392,JERUSALEM,3000,825.0,3,Ulta Orthodox
1393,JERUSALEM,3000,826.0,3,Ulta Orthodox
1394,JERUSALEM,3000,831.0,3,Ulta Orthodox
1395,JERUSALEM,3000,832.0,3,Ulta Orthodox
1396,JERUSALEM,3000,833.0,3,Ulta Orthodox
1397,JERUSALEM,3000,834.0,3,Ulta Orthodox
1398,JERUSALEM,3000,835.0,3,Ulta Orthodox
1399,JERUSALEM,3000,836.0,3,Ulta Orthodox
1400,JERUSALEM,3000,841.0,0,Right-Wing
1401,JERUSALEM,3000,842.0,0,Right-Wing
1402,JERUSALEM,3000,847.0,4,Center
1403,JERUSALEM,3000,848.0,4,Center
1404,JERUSALEM,3000,851.0,3,Ulta Orthodox
1405,JERUSALEM,3000,853.0,0,Right-Wing
1406,JERUSALEM,3000,854.0,0,Right-Wing
1407,JERUSALEM,3000,855.0,4,Center
1408,JERUSALEM,3000,856.0,0,Right-Wing
1409,JERUSALEM,3000,857.0,4,Center
1410,JERUSALEM,3000,862.0,0,Right-Wing
1411,JERUSALEM,3000,863.0,4,Center
1412,JERUSALEM,3000,864.0,4,Center
1413,JERUSALEM,3000,912.0,3,Ulta Orthodox
1414,JERUSALEM,3000,913.0,3,Ulta Orthodox
1415,JERUSALEM,3000,914.0,3,Ulta Orthodox
1416,JERUSALEM,3000,915.0,3,Ulta Orthodox
1417,JERUSALEM,3000,921.0,3,Ulta Orthodox
1418,JERUSALEM,3000,922.0,3,Ulta Orthodox
1419,JERUSALEM,3000,923.0,3,Ulta Orthodox
1420,JERUSALEM,3000,925.0,4,Center
1421,JERUSALEM,3000,931.0,3,Ulta Orthodox
1422,JERUSALEM,3000,932.0,3,Ulta Orthodox
1423,JERUSALEM,3000,933.0,3,Ulta Orthodox
1424,JERUSALEM,3000,934.0,3,Ulta Orthodox
1425,JERUSALEM,3000,1011.0,4,Center
1426,JERUSALEM,3000,1012.0,4,Center
1427,JERUSALEM,3000,1013.0,1,Left-Wing
1428,JERUSALEM,3000,1014.0,1,Left-Wing
1429,JERUSALEM,3000,1015.0,0,Right-Wing
1430,JERUSALEM,3000,1016.0,3,Ulta Orthodox
1431,JERUSALEM,3000,1024.0,1,Left-Wing
1432,JERUSALEM,3000,1031.0,0,Right-Wing
1433,JERUSALEM,3000,1032.0,4,Center
1434,JERUSALEM,3000,1034.0,3,Ulta Orthodox
1435,JERUSALEM,3000,1035.0,3,Ulta Orthodox
1436,JERUSALEM,3000,1041.0,4,Center
1437,JERUSALEM,3000,1042.0,4,Center
1438,JERUSALEM,3000,1043.0,4,Center
1439,JERUSALEM,3000,1115.0,4,Center
1440,JERUSALEM,3000,1121.0,4,Center
1441,JERUSALEM,3000,1122.0,4,Center
1442,JERUSALEM,3000,1123.0,4,Center
1443,JERUSALEM,3000,1124.0,4,Center
1444,JERUSALEM,3000,1131.0,0,Right-Wing
1445,JERUSALEM,3000,1132.0,0,Right-Wing
1446,JERUSALEM,3000,1133.0,0,Right-Wing
1447,JERUSALEM,3000,1134.0,0,Right-Wing
1448,JERUSALEM,3000,1141.0,0,Right-Wing
1449,JERUSALEM,3000,1142.0,0,Right-Wing
1450,JERUSALEM,3000,1143.0,0,Right-Wing
1451,JERUSALEM,3000,1144.0,4,Center
1452,JERUSALEM,3000,1147.0,4,Center
1453,JERUSALEM,3000,1211.0,0,Right-Wing
1454,JERUSALEM,3000,1212.0,0,Right-Wing
1455,JERUSALEM,3000,1213.0,0,Right-Wing
1456,JERUSALEM,3000,1214.0,0,Right-Wing
1457,JERUSALEM,3000,1215.0,0,Right-Wing
1458,JERUSALEM,3000,1216.0,4,Center
1459,JERUSALEM,3000,1217.0,4,Center
1460,JERUSALEM,3000,1222.0,4,Center
1461,JERUSALEM,3000,1223.0,4,Center
1462,JERUSALEM,3000,1311.0,4,Center
1463,JERUSALEM,3000,1312.0,4,Center
1464,JERUSALEM,3000,1313.0,4,Center
1465,JERUSALEM,3000,1314.0,4,Center
1466,JERUSALEM,3000,1321.0,4,Center
1467,JERUSALEM,3000,1333.0,4,Center
1468,JERUSALEM,3000,1334.0,4,Center
1469,JERUSALEM,3000,1335.0,0,Right-Wing
1470,JERUSALEM,3000,1336.0,4,Center
1471,JERUSALEM,3000,1337.0,4,Center
1472,JERUSALEM,3000,1341.0,4,Center
1473,JERUSALEM,3000,1342.0,4,Center
1474,JERUSALEM,3000,1343.0,4,Center
1475,JERUSALEM,3000,1345.0,0,Right-Wing
1476,JERUSALEM,3000,1346.0,0,Right-Wing
1477,JERUSALEM,3000,1351.0,4,Center
1478,JERUSALEM,3000,1352.0,0,Right-Wing
1479,JERUSALEM,3000,1353.0,0,Right-Wing
1480,JERUSALEM,3000,1354.0,0,Right-Wing
1481,JERUSALEM,3000,1355.0,0,Right-Wing
1482,JERUSALEM,3000,1622.0,0,Right-Wing
1483,JERUSALEM,3000,1623.0,0,Right-Wing
1484,JERUSALEM,3000,1624.0,0,Right-Wing
1485,JERUSALEM,3000,1625.0,0,Right-Wing
1486,JERUSALEM,3000,1626.0,0,Right-Wing
1487,JERUSALEM,3000,1631.0,0,Right-Wing
1488,JERUSALEM,3000,1632.0,0,Right-Wing
1489,JERUSALEM,3000,1633.0,0,Right-Wing
1490,JERUSALEM,3000,1634.0,0,Right-Wing
1491,JERUSALEM,3000,1641.0,0,Right-Wing
1492,JERUSALEM,3000,1642.0,0,Right-Wing
1493,JERUSALEM,3000,1644.0,0,Right-Wing
1494,JERUSALEM,3000,2111.0,2,Arab
1495,JERUSALEM,3000,2112.0,2,Arab
1496,JERUSALEM,3000,2211.0,2,Arab
1497,JERUSALEM,3000,2512.0,3,Ulta Orthodox
1498,JERUSALEM,3000,2513.0,3,Ulta Orthodox
1499,JERUSALEM,3000,2514.0,4,Center
1500,JERUSALEM,3000,2613.0,0,Right-Wing
1501,JERUSALEM,3000,2711.0,2,Arab
1502,JERUSALEM,3000,2911.0,2,Arab
1503,,3400,0.0,0,Right-Wing
1504,KEFAR EZYON,3488,0.0,0,Right-Wing
1505,NETIV HAGEDUD,3555,0.0,4,Center
1506,ALMOG,3556,0.0,1,Left-Wing
1507,QEDUMIM,3557,0.0,0,Right-Wing
1508,TOMER,3558,0.0,4,Center
1509,ELQANA,3560,0.0,0,Right-Wing
1510,MIGDAL OZ,3561,0.0,0,Right-Wing
1511,TEQOA,3563,0.0,0,Right-Wing
1512,KOKHAV HASHAHAR,3564,0.0,0,Right-Wing
1513,RIMMONIM,3565,0.0,0,Right-Wing
1514,YAFIT,3566,0.0,0,Right-Wing
1515,SAL'IT,3567,0.0,1,Left-Wing
1516,REHAN,3568,0.0,4,Center
1517,MEVO DOTAN,3569,0.0,0,Right-Wing
1518,ARI'EL,3570,1.0,0,Right-Wing
1519,ARI'EL,3570,2.0,0,Right-Wing
1520,ARI'EL,3570,3.0,0,Right-Wing
1521,ARI'EL,3570,4.0,0,Right-Wing
1522,ARI'EL,3570,5.0,0,Right-Wing
1523,SHAVE SHOMERON,3571,0.0,0,Right-Wing
1524,KEFAR TAPPUAH,3572,0.0,0,Right-Wing
1525,HALLAMISH,3573,0.0,0,Right-Wing
1526,BET EL,3574,0.0,0,Right-Wing
1527,BET HORON,3575,0.0,0,Right-Wing
1528,MIZPE YERIHO,3576,0.0,0,Right-Wing
1529,SHADMOT MEHOLA,3578,0.0,0,Right-Wing
1530,ELON MORE,3579,0.0,0,Right-Wing
1531,ARGAMAN,3598,0.0,0,Right-Wing
1532,MEHOLA,3599,0.0,0,Right-Wing
1533,QALYA,3601,0.0,1,Left-Wing
1534,ROSH ZURIM,3602,0.0,0,Right-Wing
1535,HAR GILLO,3603,0.0,0,Right-Wing
1536,ALLON SHEVUT,3604,0.0,0,Right-Wing
1537,MASSU'A,3605,0.0,4,Center
1538,GILGAL,3606,0.0,4,Center
1539,YITAV,3607,0.0,0,Right-Wing
1540,MA'ALE EFRAYIM,3608,0.0,0,Right-Wing
1541,HAMRA,3609,0.0,4,Center
1542,MIZPE SHALEM,3610,0.0,4,Center
1543,QIRYAT ARBA,3611,0.0,0,Right-Wing
1544,BEQA'OT,3612,0.0,4,Center
1545,GITTIT,3613,0.0,0,Right-Wing
1546,MEKHORA,3614,0.0,4,Center
1547,PEZA'EL,3615,0.0,4,Center
1548,MA'ALE ADUMMIM,3616,1.0,0,Right-Wing
1549,MA'ALE ADUMMIM,3616,2.0,0,Right-Wing
1550,MA'ALE ADUMMIM,3616,3.0,0,Right-Wing
1551,MA'ALE ADUMMIM,3616,4.0,0,Right-Wing
1552,MA'ALE ADUMMIM,3616,5.0,0,Right-Wing
1553,MA'ALE ADUMMIM,3616,6.0,0,Right-Wing
1554,MA'ALE ADUMMIM,3616,7.0,0,Right-Wing
1555,MA'ALE ADUMMIM,3616,8.0,0,Right-Wing
1556,MA'ALE ADUMMIM,3616,9.0,0,Right-Wing
1557,MA'ALE ADUMMIM,3616,10.0,0,Right-Wing
1558,OFRA,3617,0.0,0,Right-Wing
1559,EL'AZAR,3618,0.0,0,Right-Wing
1560,RO'I,3619,0.0,4,Center
1561,MA'ALE SHOMERON,3637,0.0,0,Right-Wing
1562,KEFAR ADUMMIM,3638,0.0,0,Right-Wing
1563,WERED YERIHO,3639,0.0,0,Right-Wing
1564,QARNE SHOMERON,3640,0.0,0,Right-Wing
1565,SHILO,3641,0.0,0,Right-Wing
1566,HINNANIT,3643,0.0,0,Right-Wing
1567,GIV'ON HAHADASHA,3644,0.0,4,Center
1568,BET HAARAVA,3645,0.0,4,Center
1569,HEMDAT,3646,0.0,0,Right-Wing
1570,YAQIR,3647,0.0,0,Right-Wing
1571,MATTITYAHU,3648,0.0,3,Ulta Orthodox
1572,SHAQED,3649,0.0,4,Center
1573,EFRATA,3650,0.0,0,Right-Wing
1574,MA'ALE MIKHMAS,3651,0.0,0,Right-Wing
1575,BET ARYE,3652,0.0,0,Right-Wing
1576,MA'ALE AMOS,3653,0.0,3,Ulta Orthodox
1577,BARQAN,3654,0.0,0,Right-Wing
1578,NILI,3655,0.0,4,Center
1579,KARMEL,3656,0.0,0,Right-Wing
1580,MA'ON,3657,0.0,0,Right-Wing
1581,ATERET,3658,0.0,0,Right-Wing
1582,PESAGOT,3659,0.0,0,Right-Wing
1583,IMMANU'EL,3660,0.0,3,Ulta Orthodox
1584,MEVO HORON,3709,0.0,0,Right-Wing
1585,BERAKHA,3710,0.0,0,Right-Wing
1586,ENAV,3712,0.0,0,Right-Wing
1587,NA'AMA,3713,0.0,4,Center
1588,ALMON,3715,0.0,0,Right-Wing
1589,HERMESH,3717,0.0,0,Right-Wing
1590,TELEM,3719,0.0,0,Right-Wing
1591,SHA'ARE TIQWA,3720,0.0,0,Right-Wing
1592,ESHKOLOT,3722,0.0,4,Center
1593,PENE HEVER,3723,0.0,0,Right-Wing
1594,NEGOHOT,3724,0.0,0,Right-Wing
1595,NEWE DANIYYEL,3725,0.0,0,Right-Wing
1596,NOQEDIM,3726,0.0,0,Right-Wing
1597,ALE ZAHAV,3727,0.0,0,Right-Wing
1598,GIV'AT ZE'EV,3730,1.0,0,Right-Wing
1599,GIV'AT ZE'EV,3730,2.0,0,Right-Wing
1600,GIV'AT ZE'EV,3730,3.0,0,Right-Wing
1601,GIV'AT ZE'EV,3730,4.0,3,Ulta Orthodox
1602,TENE,3743,0.0,4,Center
1603,,3744,0.0,0,Right-Wing
1604,MEZADOT YEHUDA,3745,0.0,0,Right-Wing
1605,QIRYAT NETAFIM,3746,0.0,0,Right-Wing
1606,DOLEV,3747,0.0,0,Right-Wing
1607,OTNI'EL,3748,0.0,0,Right-Wing
1608,YIZHAR,3749,0.0,3,Ulta Orthodox
1609,ALFE MENASHE,3750,0.0,4,Center
1610,MIGDALIM,3751,0.0,0,Right-Wing
1611,MA'ALE LEVONA,3752,0.0,0,Right-Wing
1612,ASFAR,3754,0.0,3,Ulta Orthodox
1613,SUSEYA,3756,0.0,0,Right-Wing
1614,ADORA,3759,0.0,0,Right-Wing
1615,ORANIT,3760,0.0,4,Center
1616,ITAMAR,3762,0.0,0,Right-Wing
1617,GEVA BINYAMIN,3763,0.0,0,Right-Wing
1618,HAGGAY,3764,0.0,0,Right-Wing
1619,ELI,3765,0.0,0,Right-Wing
1620,KARME ZUR,3766,0.0,0,Right-Wing
1621,NAHALI'EL,3767,0.0,3,Ulta Orthodox
1622,PEDU'EL,3768,0.0,0,Right-Wing
1623,HAR ADAR,3769,0.0,1,Left-Wing
1624,HASHMONA'IM,3770,0.0,0,Right-Wing
1625,,3777,0.0,0,Right-Wing
1626,EZ EFRAYIM,3778,0.0,0,Right-Wing
1627,KOKHAV YA'AQOV,3779,0.0,3,Ulta Orthodox
1628,BETAR ILLIT,3780,1.0,3,Ulta Orthodox
1629,BETAR ILLIT,3780,2.0,3,Ulta Orthodox
1630,BETAR ILLIT,3780,3.0,3,Ulta Orthodox
1631,BETAR ILLIT,3780,4.0,3,Ulta Orthodox
1632,BETAR ILLIT,3780,5.0,3,Ulta Orthodox
1633,BETAR ILLIT,3780,6.0,3,Ulta Orthodox
1634,BETAR ILLIT,3780,7.0,3,Ulta Orthodox
1635,BETAR ILLIT,3780,8.0,3,Ulta Orthodox
1636,QEDAR,3781,0.0,0,Right-Wing
1637,SHIM'A,3784,0.0,0,Right-Wing
1638,MASKIYYOT,3785,0.0,0,Right-Wing
1639,NA'ALE,3787,0.0,4,Center
1640,TALMON,3788,0.0,0,Right-Wing
1641,NOFIM,3790,0.0,0,Right-Wing
1642,ZUFIM,3791,0.0,0,Right-Wing
1643,AVNE HEFEZ,3793,0.0,0,Right-Wing
1644,BAT AYIN,3794,0.0,0,Right-Wing
1645,REVAVA,3795,0.0,0,Right-Wing
1646,KEFAR HAORANIM,3796,0.0,1,Left-Wing
1647,MODI'IN ILLIT,3797,2.0,3,Ulta Orthodox
1648,MODI'IN ILLIT,3797,3.0,3,Ulta Orthodox
1649,MODI'IN ILLIT,3797,4.0,3,Ulta Orthodox
1650,MODI'IN ILLIT,3797,5.0,3,Ulta Orthodox
1651,MODI'IN ILLIT,3797,6.0,3,Ulta Orthodox
1652,MODI'IN ILLIT,3797,7.0,3,Ulta Orthodox
1653,MODI'IN ILLIT,3797,8.0,3,Ulta Orthodox
1654,MODI'IN ILLIT,3797,9.0,3,Ulta Orthodox
1655,MODI'IN ILLIT,3797,10.0,3,Ulta Orthodox
1656,,3822,0.0,0,Right-Wing
1657,,3823,0.0,0,Right-Wing
1658,,3824,0.0,0,Right-Wing
1659,HAIFA,4000,111.0,0,Right-Wing
1660,HAIFA,4000,112.0,0,Right-Wing
1661,HAIFA,4000,121.0,4,Center
1662,HAIFA,4000,122.0,0,Right-Wing
1663,HAIFA,4000,131.0,4,Center
1664,HAIFA,4000,133.0,4,Center
1665,HAIFA,4000,134.0,4,Center
1666,HAIFA,4000,135.0,4,Center
1667,HAIFA,4000,311.0,2,Arab
1668,HAIFA,4000,314.0,2,Arab
1669,HAIFA,4000,324.0,4,Center
1670,HAIFA,4000,331.0,2,Arab
1671,HAIFA,4000,332.0,2,Arab
1672,HAIFA,4000,333.0,2,Arab
1673,HAIFA,4000,334.0,2,Arab
1674,HAIFA,4000,411.0,4,Center
1675,HAIFA,4000,412.0,4,Center
1676,HAIFA,4000,413.0,2,Arab
1677,HAIFA,4000,414.0,0,Right-Wing
1678,HAIFA,4000,417.0,4,Center
1679,HAIFA,4000,418.0,4,Center
1680,HAIFA,4000,421.0,2,Arab
1681,HAIFA,4000,422.0,4,Center
1682,HAIFA,4000,423.0,4,Center
1683,HAIFA,4000,424.0,0,Right-Wing
1684,HAIFA,4000,425.0,4,Center
1685,HAIFA,4000,426.0,0,Right-Wing
1686,HAIFA,4000,431.0,4,Center
1687,HAIFA,4000,433.0,4,Center
1688,HAIFA,4000,511.0,1,Left-Wing
1689,HAIFA,4000,513.0,1,Left-Wing
1690,HAIFA,4000,514.0,1,Left-Wing
1691,HAIFA,4000,521.0,4,Center
1692,HAIFA,4000,522.0,1,Left-Wing
1693,HAIFA,4000,523.0,1,Left-Wing
1694,HAIFA,4000,524.0,1,Left-Wing
1695,HAIFA,4000,525.0,1,Left-Wing
1696,HAIFA,4000,526.0,1,Left-Wing
1697,HAIFA,4000,527.0,2,Arab
1698,HAIFA,4000,528.0,4,Center
1699,HAIFA,4000,531.0,4,Center
1700,HAIFA,4000,532.0,4,Center
1701,HAIFA,4000,533.0,1,Left-Wing
1702,HAIFA,4000,611.0,2,Arab
1703,HAIFA,4000,612.0,2,Arab
1704,HAIFA,4000,613.0,4,Center
1705,HAIFA,4000,621.0,4,Center
1706,HAIFA,4000,622.0,4,Center
1707,HAIFA,4000,623.0,4,Center
1708,HAIFA,4000,631.0,4,Center
1709,HAIFA,4000,632.0,2,Arab
1710,HAIFA,4000,633.0,2,Arab
1711,HAIFA,4000,634.0,4,Center
1712,HAIFA,4000,641.0,3,Ulta Orthodox
1713,HAIFA,4000,642.0,3,Ulta Orthodox
1714,HAIFA,4000,643.0,3,Ulta Orthodox
1715,HAIFA,4000,644.0,0,Right-Wing
1716,HAIFA,4000,711.0,2,Arab
1717,HAIFA,4000,712.0,4,Center
1718,HAIFA,4000,713.0,0,Right-Wing
1719,HAIFA,4000,714.0,4,Center
1720,HAIFA,4000,722.0,4,Center
1721,HAIFA,4000,723.0,4,Center
1722,HAIFA,4000,731.0,4,Center
1723,HAIFA,4000,732.0,4,Center
1724,HAIFA,4000,733.0,4,Center
1725,HAIFA,4000,811.0,4,Center
1726,HAIFA,4000,813.0,1,Left-Wing
1727,HAIFA,4000,821.0,4,Center
1728,HAIFA,4000,822.0,1,Left-Wing
1729,HAIFA,4000,823.0,1,Left-Wing
1730,HAIFA,4000,824.0,1,Left-Wing
1731,HAIFA,4000,911.0,1,Left-Wing
1732,HAIFA,4000,912.0,1,Left-Wing
1733,HAIFA,4000,921.0,1,Left-Wing
1734,HAIFA,4000,922.0,1,Left-Wing
1735,HAIFA,4000,931.0,1,Left-Wing
1736,HAIFA,4000,932.0,1,Left-Wing
1737,HAIFA,4000,933.0,1,Left-Wing
1738,HAIFA,4000,934.0,1,Left-Wing
1739,HAIFA,4000,941.0,1,Left-Wing
1740,HAIFA,4000,942.0,1,Left-Wing
1741,HAIFA,4000,943.0,1,Left-Wing
1742,HAIFA,4000,944.0,1,Left-Wing
1743,BUQ'ATA,4001,0.0,4,Center
1744,ELI-AD,4002,0.0,1,Left-Wing
1745,EL-ROM,4003,0.0,1,Left-Wing
1746,KEFAR HARUV,4004,0.0,1,Left-Wing
1747,HASPIN,4005,0.0,0,Right-Wing
1748,QESHET,4006,0.0,0,Right-Wing
1749,YONATAN,4007,0.0,0,Right-Wing
1750,MA'ALE GAMLA,4008,0.0,1,Left-Wing
1751,SHA'AL,4009,0.0,1,Left-Wing
1752,ODEM,4010,0.0,1,Left-Wing
1753,AVNE ETAN,4011,0.0,0,Right-Wing
1754,ANI'AM,4012,0.0,1,Left-Wing
1755,ORTAL,4013,0.0,1,Left-Wing
1756,NATUR,4014,0.0,4,Center
1757,BENE YEHUDA,4015,0.0,4,Center
1758,ALLONE HABASHAN,4017,0.0,0,Right-Wing
1759,MEZAR,4019,0.0,1,Left-Wing
1760,GIV'AT YO'AV,4021,0.0,1,Left-Wing
1761,GESHUR,4022,0.0,1,Left-Wing
1762,QELA,4024,0.0,1,Left-Wing
1763,QIDMAT ZEVI,4025,0.0,1,Left-Wing
1764,HAD-NES,4026,0.0,1,Left-Wing
1765,KANAF,4028,0.0,1,Left-Wing
1766,QAZRIN,4100,0.0,0,Right-Wing
1767,MEROM GOLAN,4101,0.0,1,Left-Wing
1768,MAJDAL SHAMS,4201,0.0,1,Left-Wing
1769,MAS'ADE,4203,0.0,1,Left-Wing
1770,MEVO HAMMA,4204,0.0,1,Left-Wing
1771,AFIQ,4301,0.0,1,Left-Wing
1772,NEWE ATIV,4303,0.0,1,Left-Wing
1773,NOV,4304,0.0,0,Right-Wing
1774,GHAJAR,4501,0.0,0,Right-Wing
1775,EIN QINIYYE,4502,0.0,4,Center
1776,EN ZIWAN,4503,0.0,1,Left-Wing
1777,NE'OT GOLAN,4551,0.0,1,Left-Wing
1778,RAMAT MAGSHIMIM,4701,0.0,0,Right-Wing
1779,RAMOT,4702,0.0,1,Left-Wing
1780,TEL AVIV - YAFO,5000,113.0,1,Left-Wing
1781,TEL AVIV - YAFO,5000,114.0,1,Left-Wing
1782,TEL AVIV - YAFO,5000,115.0,1,Left-Wing
1783,TEL AVIV - YAFO,5000,117.0,1,Left-Wing
1784,TEL AVIV - YAFO,5000,122.0,1,Left-Wing
1785,TEL AVIV - YAFO,5000,123.0,1,Left-Wing
1786,TEL AVIV - YAFO,5000,124.0,1,Left-Wing
1787,TEL AVIV - YAFO,5000,125.0,1,Left-Wing
1788,TEL AVIV - YAFO,5000,131.0,1,Left-Wing
1789,TEL AVIV - YAFO,5000,132.0,1,Left-Wing
1790,TEL AVIV - YAFO,5000,133.0,1,Left-Wing
1791,TEL AVIV - YAFO,5000,134.0,1,Left-Wing
1792,TEL AVIV - YAFO,5000,135.0,1,Left-Wing
1793,TEL AVIV - YAFO,5000,211.0,1,Left-Wing
1794,TEL AVIV - YAFO,5000,212.0,1,Left-Wing
1795,TEL AVIV - YAFO,5000,213.0,1,Left-Wing
1796,TEL AVIV - YAFO,5000,214.0,1,Left-Wing
1797,TEL AVIV - YAFO,5000,215.0,1,Left-Wing
1798,TEL AVIV - YAFO,5000,216.0,1,Left-Wing
1799,TEL AVIV - YAFO,5000,222.0,1,Left-Wing
1800,TEL AVIV - YAFO,5000,223.0,1,Left-Wing
1801,TEL AVIV - YAFO,5000,224.0,1,Left-Wing
1802,TEL AVIV - YAFO,5000,225.0,4,Center
1803,TEL AVIV - YAFO,5000,226.0,4,Center
1804,TEL AVIV - YAFO,5000,231.0,1,Left-Wing
1805,TEL AVIV - YAFO,5000,232.0,1,Left-Wing
1806,TEL AVIV - YAFO,5000,233.0,1,Left-Wing
1807,TEL AVIV - YAFO,5000,234.0,1,Left-Wing
1808,TEL AVIV - YAFO,5000,312.0,1,Left-Wing
1809,TEL AVIV - YAFO,5000,313.0,1,Left-Wing
1810,TEL AVIV - YAFO,5000,314.0,1,Left-Wing
1811,TEL AVIV - YAFO,5000,315.0,1,Left-Wing
1812,TEL AVIV - YAFO,5000,316.0,1,Left-Wing
1813,TEL AVIV - YAFO,5000,317.0,1,Left-Wing
1814,TEL AVIV - YAFO,5000,321.0,1,Left-Wing
1815,TEL AVIV - YAFO,5000,322.0,1,Left-Wing
1816,TEL AVIV - YAFO,5000,323.0,1,Left-Wing
1817,TEL AVIV - YAFO,5000,324.0,1,Left-Wing
1818,TEL AVIV - YAFO,5000,325.0,1,Left-Wing
1819,TEL AVIV - YAFO,5000,326.0,1,Left-Wing
1820,TEL AVIV - YAFO,5000,333.0,1,Left-Wing
1821,TEL AVIV - YAFO,5000,334.0,1,Left-Wing
1822,TEL AVIV - YAFO,5000,335.0,1,Left-Wing
1823,TEL AVIV - YAFO,5000,336.0,1,Left-Wing
1824,TEL AVIV - YAFO,5000,337.0,1,Left-Wing
1825,TEL AVIV - YAFO,5000,338.0,1,Left-Wing
1826,TEL AVIV - YAFO,5000,341.0,1,Left-Wing
1827,TEL AVIV - YAFO,5000,342.0,1,Left-Wing
1828,TEL AVIV - YAFO,5000,343.0,1,Left-Wing
1829,TEL AVIV - YAFO,5000,344.0,1,Left-Wing
1830,TEL AVIV - YAFO,5000,345.0,1,Left-Wing
1831,TEL AVIV - YAFO,5000,346.0,1,Left-Wing
1832,TEL AVIV - YAFO,5000,347.0,1,Left-Wing
1833,TEL AVIV - YAFO,5000,348.0,1,Left-Wing
1834,TEL AVIV - YAFO,5000,349.0,1,Left-Wing
1835,TEL AVIV - YAFO,5000,411.0,1,Left-Wing
1836,TEL AVIV - YAFO,5000,412.0,1,Left-Wing
1837,TEL AVIV - YAFO,5000,413.0,1,Left-Wing
1838,TEL AVIV - YAFO,5000,414.0,1,Left-Wing
1839,TEL AVIV - YAFO,5000,415.0,1,Left-Wing
1840,TEL AVIV - YAFO,5000,421.0,1,Left-Wing
1841,TEL AVIV - YAFO,5000,422.0,1,Left-Wing
1842,TEL AVIV - YAFO,5000,423.0,1,Left-Wing
1843,TEL AVIV - YAFO,5000,424.0,1,Left-Wing
1844,TEL AVIV - YAFO,5000,427.0,1,Left-Wing
1845,TEL AVIV - YAFO,5000,431.0,1,Left-Wing
1846,TEL AVIV - YAFO,5000,432.0,1,Left-Wing
1847,TEL AVIV - YAFO,5000,433.0,1,Left-Wing
1848,TEL AVIV - YAFO,5000,436.0,1,Left-Wing
1849,TEL AVIV - YAFO,5000,437.0,1,Left-Wing
1850,TEL AVIV - YAFO,5000,511.0,1,Left-Wing
1851,TEL AVIV - YAFO,5000,512.0,1,Left-Wing
1852,TEL AVIV - YAFO,5000,513.0,1,Left-Wing
1853,TEL AVIV - YAFO,5000,514.0,1,Left-Wing
1854,TEL AVIV - YAFO,5000,515.0,1,Left-Wing
1855,TEL AVIV - YAFO,5000,516.0,1,Left-Wing
1856,TEL AVIV - YAFO,5000,517.0,1,Left-Wing
1857,TEL AVIV - YAFO,5000,521.0,1,Left-Wing
1858,TEL AVIV - YAFO,5000,522.0,4,Center
1859,TEL AVIV - YAFO,5000,523.0,1,Left-Wing
1860,TEL AVIV - YAFO,5000,532.0,1,Left-Wing
1861,TEL AVIV - YAFO,5000,533.0,1,Left-Wing
1862,TEL AVIV - YAFO,5000,541.0,1,Left-Wing
1863,TEL AVIV - YAFO,5000,542.0,1,Left-Wing
1864,TEL AVIV - YAFO,5000,554.0,1,Left-Wing
1865,TEL AVIV - YAFO,5000,611.0,1,Left-Wing
1866,TEL AVIV - YAFO,5000,613.0,1,Left-Wing
1867,TEL AVIV - YAFO,5000,626.0,1,Left-Wing
1868,TEL AVIV - YAFO,5000,711.0,1,Left-Wing
1869,TEL AVIV - YAFO,5000,713.0,1,Left-Wing
1870,TEL AVIV - YAFO,5000,715.0,1,Left-Wing
1871,TEL AVIV - YAFO,5000,721.0,1,Left-Wing
1872,TEL AVIV - YAFO,5000,723.0,2,Arab
1873,TEL AVIV - YAFO,5000,724.0,2,Arab
1874,TEL AVIV - YAFO,5000,725.0,2,Arab
1875,TEL AVIV - YAFO,5000,732.0,2,Arab
1876,TEL AVIV - YAFO,5000,733.0,4,Center
1877,TEL AVIV - YAFO,5000,734.0,2,Arab
1878,TEL AVIV - YAFO,5000,735.0,0,Right-Wing
1879,TEL AVIV - YAFO,5000,736.0,0,Right-Wing
1880,TEL AVIV - YAFO,5000,743.0,0,Right-Wing
1881,TEL AVIV - YAFO,5000,744.0,0,Right-Wing
1882,TEL AVIV - YAFO,5000,745.0,4,Center
1883,TEL AVIV - YAFO,5000,746.0,0,Right-Wing
1884,TEL AVIV - YAFO,5000,747.0,0,Right-Wing
1885,TEL AVIV - YAFO,5000,748.0,4,Center
1886,TEL AVIV - YAFO,5000,811.0,1,Left-Wing
1887,TEL AVIV - YAFO,5000,812.0,1,Left-Wing
1888,TEL AVIV - YAFO,5000,813.0,1,Left-Wing
1889,TEL AVIV - YAFO,5000,814.0,4,Center
1890,TEL AVIV - YAFO,5000,815.0,4,Center
1891,TEL AVIV - YAFO,5000,822.0,4,Center
1892,TEL AVIV - YAFO,5000,823.0,0,Right-Wing
1893,TEL AVIV - YAFO,5000,824.0,0,Right-Wing
1894,TEL AVIV - YAFO,5000,832.0,0,Right-Wing
1895,TEL AVIV - YAFO,5000,833.0,0,Right-Wing
1896,TEL AVIV - YAFO,5000,911.0,1,Left-Wing
1897,TEL AVIV - YAFO,5000,912.0,1,Left-Wing
1898,TEL AVIV - YAFO,5000,914.0,1,Left-Wing
1899,TEL AVIV - YAFO,5000,915.0,4,Center
1900,TEL AVIV - YAFO,5000,916.0,4,Center
1901,TEL AVIV - YAFO,5000,921.0,4,Center
1902,TEL AVIV - YAFO,5000,922.0,4,Center
1903,TEL AVIV - YAFO,5000,923.0,0,Right-Wing
1904,TEL AVIV - YAFO,5000,924.0,0,Right-Wing
1905,TEL AVIV - YAFO,5000,925.0,0,Right-Wing
1906,TEL AVIV - YAFO,5000,926.0,4,Center
1907,TEL AVIV - YAFO,5000,927.0,4,Center
1908,TEL AVIV - YAFO,5000,928.0,4,Center
1909,TEL AVIV - YAFO,5000,929.0,0,Right-Wing
1910,TEL AVIV - YAFO,5000,931.0,0,Right-Wing
1911,TEL AVIV - YAFO,5000,933.0,0,Right-Wing
1912,TEL AVIV - YAFO,5000,934.0,0,Right-Wing
1913,TEL AVIV - YAFO,5000,935.0,0,Right-Wing
1914,TEL AVIV - YAFO,5000,936.0,0,Right-Wing
1915,TEL AVIV - YAFO,5000,937.0,0,Right-Wing
1916,TEL AVIV - YAFO,5000,941.0,0,Right-Wing
1917,TEL AVIV - YAFO,5000,942.0,0,Right-Wing
1918,TEL AVIV - YAFO,5000,945.0,0,Right-Wing
1919,TEL AVIV - YAFO,5000,946.0,4,Center
1920,TEL AVIV - YAFO,5000,947.0,4,Center
1921,BAQA -JATT,6000,0.0,2,Arab
1922,BENE BERAQ,6100,112.0,3,Ulta Orthodox
1923,BENE BERAQ,6100,113.0,3,Ulta Orthodox
1924,BENE BERAQ,6100,114.0,3,Ulta Orthodox
1925,BENE BERAQ,6100,115.0,3,Ulta Orthodox
1926,BENE BERAQ,6100,117.0,0,Right-Wing
1927,BENE BERAQ,6100,121.0,0,Right-Wing
1928,BENE BERAQ,6100,122.0,3,Ulta Orthodox
1929,BENE BERAQ,6100,123.0,3,Ulta Orthodox
1930,BENE BERAQ,6100,211.0,3,Ulta Orthodox
1931,BENE BERAQ,6100,212.0,3,Ulta Orthodox
1932,BENE BERAQ,6100,213.0,3,Ulta Orthodox
1933,BENE BERAQ,6100,214.0,3,Ulta Orthodox
1934,BENE BERAQ,6100,221.0,3,Ulta Orthodox
1935,BENE BERAQ,6100,222.0,3,Ulta Orthodox
1936,BENE BERAQ,6100,223.0,3,Ulta Orthodox
1937,BENE BERAQ,6100,231.0,3,Ulta Orthodox
1938,BENE BERAQ,6100,232.0,3,Ulta Orthodox
1939,BENE BERAQ,6100,233.0,3,Ulta Orthodox
1940,BENE BERAQ,6100,311.0,3,Ulta Orthodox
1941,BENE BERAQ,6100,312.0,3,Ulta Orthodox
1942,BENE BERAQ,6100,313.0,3,Ulta Orthodox
1943,BENE BERAQ,6100,314.0,3,Ulta Orthodox
1944,BENE BERAQ,6100,315.0,3,Ulta Orthodox
1945,BENE BERAQ,6100,321.0,3,Ulta Orthodox
1946,BENE BERAQ,6100,322.0,3,Ulta Orthodox
1947,BENE BERAQ,6100,323.0,3,Ulta Orthodox
1948,BENE BERAQ,6100,411.0,3,Ulta Orthodox
1949,BENE BERAQ,6100,412.0,3,Ulta Orthodox
1950,BENE BERAQ,6100,413.0,3,Ulta Orthodox
1951,BENE BERAQ,6100,414.0,3,Ulta Orthodox
1952,BENE BERAQ,6100,415.0,3,Ulta Orthodox
1953,BENE BERAQ,6100,421.0,3,Ulta Orthodox
1954,BENE BERAQ,6100,422.0,3,Ulta Orthodox
1955,BENE BERAQ,6100,423.0,3,Ulta Orthodox
1956,BENE BERAQ,6100,424.0,3,Ulta Orthodox
1957,BENE BERAQ,6100,425.0,3,Ulta Orthodox
1958,BENE BERAQ,6100,426.0,3,Ulta Orthodox
1959,BENE BERAQ,6100,427.0,3,Ulta Orthodox
1960,BAT YAM,6200,111.0,4,Center
1961,BAT YAM,6200,112.0,0,Right-Wing
1962,BAT YAM,6200,113.0,0,Right-Wing
1963,BAT YAM,6200,114.0,4,Center
1964,BAT YAM,6200,115.0,0,Right-Wing
1965,BAT YAM,6200,212.0,0,Right-Wing
1966,BAT YAM,6200,213.0,0,Right-Wing
1967,BAT YAM,6200,215.0,0,Right-Wing
1968,BAT YAM,6200,217.0,4,Center
1969,BAT YAM,6200,221.0,0,Right-Wing
1970,BAT YAM,6200,222.0,4,Center
1971,BAT YAM,6200,223.0,0,Right-Wing
1972,BAT YAM,6200,224.0,0,Right-Wing
1973,BAT YAM,6200,225.0,0,Right-Wing
1974,BAT YAM,6200,226.0,0,Right-Wing
1975,BAT YAM,6200,227.0,0,Right-Wing
1976,BAT YAM,6200,228.0,0,Right-Wing
1977,BAT YAM,6200,311.0,0,Right-Wing
1978,BAT YAM,6200,312.0,4,Center
1979,BAT YAM,6200,313.0,0,Right-Wing
1980,BAT YAM,6200,314.0,4,Center
1981,BAT YAM,6200,315.0,0,Right-Wing
1982,BAT YAM,6200,316.0,4,Center
1983,BAT YAM,6200,322.0,4,Center
1984,BAT YAM,6200,411.0,0,Right-Wing
1985,BAT YAM,6200,412.0,0,Right-Wing
1986,BAT YAM,6200,413.0,0,Right-Wing
1987,BAT YAM,6200,421.0,0,Right-Wing
1988,BAT YAM,6200,422.0,0,Right-Wing
1989,BAT YAM,6200,423.0,4,Center
1990,BAT YAM,6200,511.0,0,Right-Wing
1991,BAT YAM,6200,512.0,4,Center
1992,BAT YAM,6200,513.0,4,Center
1993,BAT YAM,6200,514.0,0,Right-Wing
1994,BAT YAM,6200,521.0,4,Center
1995,BAT YAM,6200,522.0,4,Center
1996,BAT YAM,6200,523.0,4,Center
1997,GIV'ATAYIM,6300,11.0,1,Left-Wing
1998,GIV'ATAYIM,6300,12.0,1,Left-Wing
1999,GIV'ATAYIM,6300,13.0,1,Left-Wing
2000,GIV'ATAYIM,6300,21.0,1,Left-Wing
2001,GIV'ATAYIM,6300,22.0,1,Left-Wing
2002,GIV'ATAYIM,6300,23.0,1,Left-Wing
2003,GIV'ATAYIM,6300,31.0,1,Left-Wing
2004,GIV'ATAYIM,6300,32.0,1,Left-Wing
2005,GIV'ATAYIM,6300,33.0,1,Left-Wing
2006,GIV'ATAYIM,6300,34.0,1,Left-Wing
2007,GIV'ATAYIM,6300,41.0,1,Left-Wing
2008,GIV'ATAYIM,6300,42.0,1,Left-Wing
2009,GIV'ATAYIM,6300,43.0,1,Left-Wing
2010,GIV'ATAYIM,6300,44.0,1,Left-Wing
2011,HERZLIYYA,6400,11.0,0,Right-Wing
2012,HERZLIYYA,6400,12.0,4,Center
2013,HERZLIYYA,6400,13.0,4,Center
2014,HERZLIYYA,6400,21.0,1,Left-Wing
2015,HERZLIYYA,6400,22.0,1,Left-Wing
2016,HERZLIYYA,6400,23.0,1,Left-Wing
2017,HERZLIYYA,6400,24.0,4,Center
2018,HERZLIYYA,6400,31.0,4,Center
2019,HERZLIYYA,6400,32.0,1,Left-Wing
2020,HERZLIYYA,6400,33.0,4,Center
2021,HERZLIYYA,6400,34.0,4,Center
2022,HERZLIYYA,6400,35.0,1,Left-Wing
2023,HERZLIYYA,6400,41.0,1,Left-Wing
2024,HERZLIYYA,6400,42.0,1,Left-Wing
2025,HERZLIYYA,6400,43.0,1,Left-Wing
2026,HERZLIYYA,6400,44.0,1,Left-Wing
2027,HERZLIYYA,6400,51.0,4,Center
2028,HERZLIYYA,6400,52.0,1,Left-Wing
2029,HERZLIYYA,6400,53.0,1,Left-Wing
2030,HERZLIYYA,6400,54.0,1,Left-Wing
2031,HERZLIYYA,6400,55.0,1,Left-Wing
2032,HERZLIYYA,6400,56.0,1,Left-Wing
2033,HERZLIYYA,6400,57.0,4,Center
2034,HERZLIYYA,6400,63.0,1,Left-Wing
2035,HERZLIYYA,6400,64.0,1,Left-Wing
2036,HERZLIYYA,6400,65.0,4,Center
2037,HERZLIYYA,6400,66.0,1,Left-Wing
2038,HADERA,6500,11.0,0,Right-Wing
2039,HADERA,6500,12.0,0,Right-Wing
2040,HADERA,6500,13.0,4,Center
2041,HADERA,6500,21.0,4,Center
2042,HADERA,6500,23.0,0,Right-Wing
2043,HADERA,6500,24.0,0,Right-Wing
2044,HADERA,6500,31.0,4,Center
2045,HADERA,6500,32.0,0,Right-Wing
2046,HADERA,6500,41.0,4,Center
2047,HADERA,6500,42.0,4,Center
2048,HADERA,6500,43.0,4,Center
2049,HADERA,6500,44.0,4,Center
2050,HADERA,6500,45.0,4,Center
2051,HADERA,6500,51.0,0,Right-Wing
2052,HADERA,6500,52.0,0,Right-Wing
2053,HADERA,6500,53.0,0,Right-Wing
2054,HADERA,6500,61.0,0,Right-Wing
2055,HADERA,6500,62.0,0,Right-Wing
2056,HADERA,6500,63.0,0,Right-Wing
2057,HADERA,6500,64.0,0,Right-Wing
2058,HADERA,6500,65.0,1,Left-Wing
2059,HOLON,6600,211.0,4,Center
2060,HOLON,6600,212.0,4,Center
2061,HOLON,6600,213.0,4,Center
2062,HOLON,6600,214.0,4,Center
2063,HOLON,6600,215.0,4,Center
2064,HOLON,6600,216.0,4,Center
2065,HOLON,6600,221.0,4,Center
2066,HOLON,6600,222.0,4,Center
2067,HOLON,6600,223.0,0,Right-Wing
2068,HOLON,6600,224.0,4,Center
2069,HOLON,6600,225.0,0,Right-Wing
2070,HOLON,6600,311.0,4,Center
2071,HOLON,6600,312.0,4,Center
2072,HOLON,6600,313.0,4,Center
2073,HOLON,6600,314.0,4,Center
2074,HOLON,6600,321.0,4,Center
2075,HOLON,6600,323.0,4,Center
2076,HOLON,6600,324.0,4,Center
2077,HOLON,6600,331.0,4,Center
2078,HOLON,6600,332.0,4,Center
2079,HOLON,6600,334.0,1,Left-Wing
2080,HOLON,6600,335.0,4,Center
2081,HOLON,6600,411.0,4,Center
2082,HOLON,6600,412.0,4,Center
2083,HOLON,6600,413.0,4,Center
2084,HOLON,6600,414.0,4,Center
2085,HOLON,6600,415.0,0,Right-Wing
2086,HOLON,6600,416.0,4,Center
2087,HOLON,6600,423.0,4,Center
2088,HOLON,6600,424.0,4,Center
2089,HOLON,6600,425.0,4,Center
2090,HOLON,6600,426.0,4,Center
2091,HOLON,6600,512.0,0,Right-Wing
2092,HOLON,6600,514.0,0,Right-Wing
2093,HOLON,6600,521.0,4,Center
2094,HOLON,6600,522.0,4,Center
2095,HOLON,6600,523.0,4,Center
2096,HOLON,6600,611.0,0,Right-Wing
2097,HOLON,6600,612.0,4,Center
2098,HOLON,6600,613.0,4,Center
2099,HOLON,6600,614.0,0,Right-Wing
2100,HOLON,6600,615.0,0,Right-Wing
2101,HOLON,6600,621.0,0,Right-Wing
2102,HOLON,6600,622.0,0,Right-Wing
2103,HOLON,6600,623.0,0,Right-Wing
2104,HOLON,6600,624.0,4,Center
2105,HOLON,6600,625.0,0,Right-Wing
2106,HOLON,6600,626.0,0,Right-Wing
2107,TIBERIAS,6700,11.0,0,Right-Wing
2108,TIBERIAS,6700,12.0,0,Right-Wing
2109,TIBERIAS,6700,13.0,0,Right-Wing
2110,TIBERIAS,6700,14.0,0,Right-Wing
2111,TIBERIAS,6700,15.0,0,Right-Wing
2112,TIBERIAS,6700,21.0,0,Right-Wing
2113,TIBERIAS,6700,22.0,0,Right-Wing
2114,TIBERIAS,6700,23.0,0,Right-Wing
2115,TIBERIAS,6700,24.0,0,Right-Wing
2116,TIBERIAS,6700,25.0,0,Right-Wing
2117,TIBERIAS,6700,31.0,0,Right-Wing
2118,TIBERIAS,6700,32.0,0,Right-Wing
2119,TIBERIAS,6700,33.0,0,Right-Wing
2120,TIBERIAS,6700,34.0,0,Right-Wing
2121,TIBERIAS,6700,36.0,0,Right-Wing
2122,QIRYAT ATTA,6800,11.0,4,Center
2123,QIRYAT ATTA,6800,12.0,0,Right-Wing
2124,QIRYAT ATTA,6800,13.0,0,Right-Wing
2125,QIRYAT ATTA,6800,14.0,0,Right-Wing
2126,QIRYAT ATTA,6800,21.0,0,Right-Wing
2127,QIRYAT ATTA,6800,22.0,0,Right-Wing
2128,QIRYAT ATTA,6800,23.0,0,Right-Wing
2129,QIRYAT ATTA,6800,24.0,0,Right-Wing
2130,QIRYAT ATTA,6800,25.0,0,Right-Wing
2131,QIRYAT ATTA,6800,31.0,0,Right-Wing
2132,QIRYAT ATTA,6800,32.0,0,Right-Wing
2133,KEFAR SAVA,6900,11.0,0,Right-Wing
2134,KEFAR SAVA,6900,12.0,0,Right-Wing
2135,KEFAR SAVA,6900,13.0,1,Left-Wing
2136,KEFAR SAVA,6900,15.0,1,Left-Wing
2137,KEFAR SAVA,6900,16.0,1,Left-Wing
2138,KEFAR SAVA,6900,21.0,1,Left-Wing
2139,KEFAR SAVA,6900,22.0,1,Left-Wing
2140,KEFAR SAVA,6900,31.0,1,Left-Wing
2141,KEFAR SAVA,6900,32.0,1,Left-Wing
2142,KEFAR SAVA,6900,33.0,1,Left-Wing
2143,KEFAR SAVA,6900,34.0,1,Left-Wing
2144,KEFAR SAVA,6900,35.0,1,Left-Wing
2145,KEFAR SAVA,6900,36.0,1,Left-Wing
2146,KEFAR SAVA,6900,37.0,1,Left-Wing
2147,KEFAR SAVA,6900,41.0,1,Left-Wing
2148,KEFAR SAVA,6900,42.0,1,Left-Wing
2149,KEFAR SAVA,6900,43.0,1,Left-Wing
2150,KEFAR SAVA,6900,44.0,4,Center
2151,KEFAR SAVA,6900,45.0,1,Left-Wing
2152,KEFAR SAVA,6900,51.0,4,Center
2153,KEFAR SAVA,6900,52.0,4,Center
2154,KEFAR SAVA,6900,53.0,4,Center
2155,KEFAR SAVA,6900,54.0,4,Center
2156,KEFAR SAVA,6900,55.0,4,Center
2157,KEFAR SAVA,6900,56.0,4,Center
2158,LOD,7000,12.0,2,Arab
2159,LOD,7000,13.0,0,Right-Wing
2160,LOD,7000,14.0,2,Arab
2161,LOD,7000,15.0,2,Arab
2162,LOD,7000,21.0,0,Right-Wing
2163,LOD,7000,22.0,0,Right-Wing
2164,LOD,7000,23.0,0,Right-Wing
2165,LOD,7000,24.0,0,Right-Wing
2166,LOD,7000,25.0,0,Right-Wing
2167,LOD,7000,31.0,0,Right-Wing
2168,LOD,7000,32.0,0,Right-Wing
2169,LOD,7000,41.0,0,Right-Wing
2170,LOD,7000,42.0,0,Right-Wing
2171,LOD,7000,43.0,0,Right-Wing
2172,LOD,7000,44.0,2,Arab
2173,LOD,7000,51.0,4,Center
2174,LOD,7000,52.0,4,Center
2175,LOD,7000,53.0,4,Center
2176,LOD,7000,54.0,4,Center
2177,ASHQELON,7100,111.0,0,Right-Wing
2178,ASHQELON,7100,112.0,0,Right-Wing
2179,ASHQELON,7100,113.0,0,Right-Wing
2180,ASHQELON,7100,114.0,4,Center
2181,ASHQELON,7100,121.0,0,Right-Wing
2182,ASHQELON,7100,122.0,0,Right-Wing
2183,ASHQELON,7100,123.0,0,Right-Wing
2184,ASHQELON,7100,124.0,0,Right-Wing
2185,ASHQELON,7100,125.0,0,Right-Wing
2186,ASHQELON,7100,126.0,0,Right-Wing
2187,ASHQELON,7100,127.0,0,Right-Wing
2188,ASHQELON,7100,211.0,0,Right-Wing
2189,ASHQELON,7100,212.0,0,Right-Wing
2190,ASHQELON,7100,213.0,0,Right-Wing
2191,ASHQELON,7100,214.0,0,Right-Wing
2192,ASHQELON,7100,215.0,0,Right-Wing
2193,ASHQELON,7100,221.0,0,Right-Wing
2194,ASHQELON,7100,222.0,0,Right-Wing
2195,ASHQELON,7100,223.0,0,Right-Wing
2196,ASHQELON,7100,225.0,0,Right-Wing
2197,ASHQELON,7100,226.0,0,Right-Wing
2198,ASHQELON,7100,311.0,0,Right-Wing
2199,ASHQELON,7100,312.0,0,Right-Wing
2200,ASHQELON,7100,313.0,0,Right-Wing
2201,ASHQELON,7100,314.0,0,Right-Wing
2202,ASHQELON,7100,315.0,0,Right-Wing
2203,ASHQELON,7100,316.0,0,Right-Wing
2204,ASHQELON,7100,321.0,0,Right-Wing
2205,ASHQELON,7100,322.0,0,Right-Wing
2206,ASHQELON,7100,323.0,0,Right-Wing
2207,NES ZIYYONA,7200,1.0,4,Center
2208,NES ZIYYONA,7200,2.0,1,Left-Wing
2209,NES ZIYYONA,7200,3.0,4,Center
2210,NES ZIYYONA,7200,4.0,4,Center
2211,NES ZIYYONA,7200,5.0,1,Left-Wing
2212,NES ZIYYONA,7200,6.0,1,Left-Wing
2213,NES ZIYYONA,7200,7.0,4,Center
2214,NES ZIYYONA,7200,8.0,1,Left-Wing
2215,NES ZIYYONA,7200,11.0,1,Left-Wing
2216,NAZARETH,7300,0.0,2,Arab
2217,NAZARETH,7300,11.0,2,Arab
2218,NAZARETH,7300,12.0,2,Arab
2219,NAZARETH,7300,13.0,2,Arab
2220,NAZARETH,7300,14.0,2,Arab
2221,NAZARETH,7300,15.0,2,Arab
2222,NAZARETH,7300,21.0,2,Arab
2223,NAZARETH,7300,22.0,2,Arab
2224,NAZARETH,7300,23.0,2,Arab
2225,NAZARETH,7300,31.0,2,Arab
2226,NAZARETH,7300,32.0,2,Arab
2227,NAZARETH,7300,33.0,2,Arab
2228,NAZARETH,7300,34.0,2,Arab
2229,NAZARETH,7300,35.0,2,Arab
2230,NAZARETH,7300,41.0,2,Arab
2231,NAZARETH,7300,42.0,2,Arab
2232,NAZARETH,7300,43.0,2,Arab
2233,NAZARETH,7300,44.0,2,Arab
2234,NAZARETH,7300,45.0,2,Arab
2235,NETANYA,7400,111.0,4,Center
2236,NETANYA,7400,112.0,0,Right-Wing
2237,NETANYA,7400,113.0,0,Right-Wing
2238,NETANYA,7400,114.0,0,Right-Wing
2239,NETANYA,7400,115.0,4,Center
2240,NETANYA,7400,116.0,4,Center
2241,NETANYA,7400,117.0,4,Center
2242,NETANYA,7400,211.0,0,Right-Wing
2243,NETANYA,7400,212.0,0,Right-Wing
2244,NETANYA,7400,213.0,0,Right-Wing
2245,NETANYA,7400,221.0,0,Right-Wing
2246,NETANYA,7400,222.0,0,Right-Wing
2247,NETANYA,7400,223.0,3,Ulta Orthodox
2248,NETANYA,7400,231.0,0,Right-Wing
2249,NETANYA,7400,232.0,0,Right-Wing
2250,NETANYA,7400,233.0,0,Right-Wing
2251,NETANYA,7400,241.0,0,Right-Wing
2252,NETANYA,7400,242.0,0,Right-Wing
2253,NETANYA,7400,243.0,0,Right-Wing
2254,NETANYA,7400,311.0,0,Right-Wing
2255,NETANYA,7400,312.0,0,Right-Wing
2256,NETANYA,7400,313.0,0,Right-Wing
2257,NETANYA,7400,321.0,0,Right-Wing
2258,NETANYA,7400,322.0,0,Right-Wing
2259,NETANYA,7400,323.0,0,Right-Wing
2260,NETANYA,7400,324.0,0,Right-Wing
2261,NETANYA,7400,331.0,0,Right-Wing
2262,NETANYA,7400,332.0,0,Right-Wing
2263,NETANYA,7400,334.0,4,Center
2264,NETANYA,7400,341.0,4,Center
2265,NETANYA,7400,342.0,4,Center
2266,NETANYA,7400,343.0,0,Right-Wing
2267,NETANYA,7400,351.0,0,Right-Wing
2268,NETANYA,7400,352.0,0,Right-Wing
2269,NETANYA,7400,354.0,0,Right-Wing
2270,NETANYA,7400,355.0,0,Right-Wing
2271,NETANYA,7400,412.0,4,Center
2272,NETANYA,7400,413.0,4,Center
2273,NETANYA,7400,414.0,4,Center
2274,NETANYA,7400,421.0,0,Right-Wing
2275,NETANYA,7400,422.0,0,Right-Wing
2276,NETANYA,7400,431.0,0,Right-Wing
2277,NETANYA,7400,432.0,0,Right-Wing
2278,NETANYA,7400,511.0,0,Right-Wing
2279,NETANYA,7400,512.0,0,Right-Wing
2280,NETANYA,7400,513.0,4,Center
2281,NETANYA,7400,521.0,0,Right-Wing
2282,NETANYA,7400,522.0,0,Right-Wing
2283,NETANYA,7400,523.0,4,Center
2284,NETANYA,7400,531.0,4,Center
2285,NETANYA,7400,532.0,4,Center
2286,NETANYA,7400,533.0,4,Center
2287,NETANYA,7400,534.0,4,Center
2288,SAKHNIN,7500,0.0,2,Arab
2289,AKKO,7600,11.0,0,Right-Wing
2290,AKKO,7600,12.0,0,Right-Wing
2291,AKKO,7600,13.0,0,Right-Wing
2292,AKKO,7600,14.0,0,Right-Wing
2293,AKKO,7600,15.0,0,Right-Wing
2294,AKKO,7600,21.0,0,Right-Wing
2295,AKKO,7600,22.0,0,Right-Wing
2296,AKKO,7600,23.0,0,Right-Wing
2297,AKKO,7600,24.0,2,Arab
2298,AKKO,7600,25.0,0,Right-Wing
2299,AKKO,7600,26.0,2,Arab
2300,AKKO,7600,31.0,2,Arab
2301,AKKO,7600,32.0,2,Arab
2302,AKKO,7600,33.0,2,Arab
2303,AKKO,7600,34.0,2,Arab
2304,AKKO,7600,35.0,0,Right-Wing
2305,AFULA,7700,11.0,0,Right-Wing
2306,AFULA,7700,12.0,0,Right-Wing
2307,AFULA,7700,13.0,0,Right-Wing
2308,AFULA,7700,15.0,0,Right-Wing
2309,AFULA,7700,16.0,0,Right-Wing
2310,AFULA,7700,18.0,0,Right-Wing
2311,AFULA,7700,21.0,0,Right-Wing
2312,AFULA,7700,23.0,0,Right-Wing
2313,AFULA,7700,24.0,0,Right-Wing
2314,AFULA,7700,25.0,0,Right-Wing
2315,AFULA,7700,26.0,0,Right-Wing
2316,PARDES HANNA-KARKUR,7800,1.0,1,Left-Wing
2317,PARDES HANNA-KARKUR,7800,2.0,1,Left-Wing
2318,PARDES HANNA-KARKUR,7800,3.0,1,Left-Wing
2319,PARDES HANNA-KARKUR,7800,4.0,1,Left-Wing
2320,PARDES HANNA-KARKUR,7800,5.0,4,Center
2321,PARDES HANNA-KARKUR,7800,6.0,4,Center
2322,PARDES HANNA-KARKUR,7800,7.0,1,Left-Wing
2323,PARDES HANNA-KARKUR,7800,8.0,0,Right-Wing
2324,PARDES HANNA-KARKUR,7800,9.0,0,Right-Wing
2325,PARDES HANNA-KARKUR,7800,10.0,4,Center
2326,PETAH TIQWA,7900,112.0,0,Right-Wing
2327,PETAH TIQWA,7900,113.0,4,Center
2328,PETAH TIQWA,7900,114.0,0,Right-Wing
2329,PETAH TIQWA,7900,115.0,4,Center
2330,PETAH TIQWA,7900,121.0,1,Left-Wing
2331,PETAH TIQWA,7900,122.0,4,Center
2332,PETAH TIQWA,7900,123.0,1,Left-Wing
2333,PETAH TIQWA,7900,127.0,4,Center
2334,PETAH TIQWA,7900,129.0,1,Left-Wing
2335,PETAH TIQWA,7900,132.0,4,Center
2336,PETAH TIQWA,7900,133.0,4,Center
2337,PETAH TIQWA,7900,134.0,0,Right-Wing
2338,PETAH TIQWA,7900,141.0,4,Center
2339,PETAH TIQWA,7900,142.0,4,Center
2340,PETAH TIQWA,7900,143.0,4,Center
2341,PETAH TIQWA,7900,144.0,0,Right-Wing
2342,PETAH TIQWA,7900,145.0,4,Center
2343,PETAH TIQWA,7900,146.0,0,Right-Wing
2344,PETAH TIQWA,7900,211.0,1,Left-Wing
2345,PETAH TIQWA,7900,212.0,4,Center
2346,PETAH TIQWA,7900,213.0,4,Center
2347,PETAH TIQWA,7900,214.0,4,Center
2348,PETAH TIQWA,7900,221.0,4,Center
2349,PETAH TIQWA,7900,222.0,4,Center
2350,PETAH TIQWA,7900,223.0,4,Center
2351,PETAH TIQWA,7900,224.0,4,Center
2352,PETAH TIQWA,7900,231.0,4,Center
2353,PETAH TIQWA,7900,232.0,4,Center
2354,PETAH TIQWA,7900,233.0,4,Center
2355,PETAH TIQWA,7900,234.0,4,Center
2356,PETAH TIQWA,7900,235.0,4,Center
2357,PETAH TIQWA,7900,236.0,4,Center
2358,PETAH TIQWA,7900,311.0,0,Right-Wing
2359,PETAH TIQWA,7900,312.0,4,Center
2360,PETAH TIQWA,7900,313.0,4,Center
2361,PETAH TIQWA,7900,321.0,4,Center
2362,PETAH TIQWA,7900,322.0,4,Center
2363,PETAH TIQWA,7900,323.0,4,Center
2364,PETAH TIQWA,7900,324.0,4,Center
2365,PETAH TIQWA,7900,412.0,0,Right-Wing
2366,PETAH TIQWA,7900,413.0,0,Right-Wing
2367,PETAH TIQWA,7900,414.0,0,Right-Wing
2368,PETAH TIQWA,7900,415.0,0,Right-Wing
2369,PETAH TIQWA,7900,421.0,0,Right-Wing
2370,PETAH TIQWA,7900,423.0,4,Center
2371,PETAH TIQWA,7900,424.0,4,Center
2372,PETAH TIQWA,7900,431.0,0,Right-Wing
2373,PETAH TIQWA,7900,432.0,0,Right-Wing
2374,PETAH TIQWA,7900,433.0,4,Center
2375,PETAH TIQWA,7900,511.0,0,Right-Wing
2376,PETAH TIQWA,7900,513.0,0,Right-Wing
2377,PETAH TIQWA,7900,515.0,0,Right-Wing
2378,PETAH TIQWA,7900,516.0,4,Center
2379,PETAH TIQWA,7900,521.0,0,Right-Wing
2380,PETAH TIQWA,7900,522.0,0,Right-Wing
2381,PETAH TIQWA,7900,523.0,3,Ulta Orthodox
2382,PETAH TIQWA,7900,524.0,0,Right-Wing
2383,ZEFAT,8000,1.0,0,Right-Wing
2384,ZEFAT,8000,2.0,0,Right-Wing
2385,ZEFAT,8000,3.0,0,Right-Wing
2386,ZEFAT,8000,4.0,0,Right-Wing
2387,ZEFAT,8000,5.0,3,Ulta Orthodox
2388,ZEFAT,8000,6.0,3,Ulta Orthodox
2389,ZEFAT,8000,7.0,0,Right-Wing
2390,ZEFAT,8000,8.0,0,Right-Wing
2391,ZEFAT,8000,10.0,0,Right-Wing
2392,ZEFAT,8000,11.0,2,Arab
2393,QIRYAT MOTZKIN,8200,0.0,4,Center
2394,QIRYAT MOTZKIN,8200,11.0,4,Center
2395,QIRYAT MOTZKIN,8200,12.0,4,Center
2396,QIRYAT MOTZKIN,8200,13.0,4,Center
2397,QIRYAT MOTZKIN,8200,14.0,1,Left-Wing
2398,QIRYAT MOTZKIN,8200,21.0,4,Center
2399,QIRYAT MOTZKIN,8200,22.0,4,Center
2400,QIRYAT MOTZKIN,8200,23.0,0,Right-Wing
2401,QIRYAT MOTZKIN,8200,31.0,4,Center
2402,QIRYAT MOTZKIN,8200,32.0,4,Center
2403,QIRYAT MOTZKIN,8200,33.0,4,Center
2404,QIRYAT MOTZKIN,8200,34.0,4,Center
2405,RISHON LEZIYYON,8300,111.0,0,Right-Wing
2406,RISHON LEZIYYON,8300,112.0,4,Center
2407,RISHON LEZIYYON,8300,113.0,4,Center
2408,RISHON LEZIYYON,8300,114.0,4,Center
2409,RISHON LEZIYYON,8300,115.0,4,Center
2410,RISHON LEZIYYON,8300,116.0,4,Center
2411,RISHON LEZIYYON,8300,117.0,4,Center
2412,RISHON LEZIYYON,8300,121.0,4,Center
2413,RISHON LEZIYYON,8300,122.0,4,Center
2414,RISHON LEZIYYON,8300,123.0,4,Center
2415,RISHON LEZIYYON,8300,124.0,4,Center
2416,RISHON LEZIYYON,8300,125.0,4,Center
2417,RISHON LEZIYYON,8300,126.0,4,Center
2418,RISHON LEZIYYON,8300,211.0,0,Right-Wing
2419,RISHON LEZIYYON,8300,212.0,0,Right-Wing
2420,RISHON LEZIYYON,8300,213.0,4,Center
2421,RISHON LEZIYYON,8300,214.0,4,Center
2422,RISHON LEZIYYON,8300,215.0,4,Center
2423,RISHON LEZIYYON,8300,221.0,4,Center
2424,RISHON LEZIYYON,8300,222.0,4,Center
2425,RISHON LEZIYYON,8300,223.0,4,Center
2426,RISHON LEZIYYON,8300,224.0,4,Center
2427,RISHON LEZIYYON,8300,225.0,4,Center
2428,RISHON LEZIYYON,8300,311.0,4,Center
2429,RISHON LEZIYYON,8300,312.0,4,Center
2430,RISHON LEZIYYON,8300,313.0,4,Center
2431,RISHON LEZIYYON,8300,314.0,4,Center
2432,RISHON LEZIYYON,8300,315.0,4,Center
2433,RISHON LEZIYYON,8300,411.0,4,Center
2434,RISHON LEZIYYON,8300,412.0,1,Left-Wing
2435,RISHON LEZIYYON,8300,413.0,4,Center
2436,RISHON LEZIYYON,8300,421.0,4,Center
2437,RISHON LEZIYYON,8300,422.0,4,Center
2438,RISHON LEZIYYON,8300,423.0,4,Center
2439,RISHON LEZIYYON,8300,424.0,1,Left-Wing
2440,RISHON LEZIYYON,8300,425.0,4,Center
2441,RISHON LEZIYYON,8300,426.0,4,Center
2442,RISHON LEZIYYON,8300,511.0,0,Right-Wing
2443,RISHON LEZIYYON,8300,512.0,0,Right-Wing
2444,RISHON LEZIYYON,8300,513.0,0,Right-Wing
2445,RISHON LEZIYYON,8300,514.0,4,Center
2446,RISHON LEZIYYON,8300,515.0,1,Left-Wing
2447,RISHON LEZIYYON,8300,516.0,4,Center
2448,RISHON LEZIYYON,8300,521.0,4,Center
2449,RISHON LEZIYYON,8300,522.0,4,Center
2450,RISHON LEZIYYON,8300,523.0,4,Center
2451,RISHON LEZIYYON,8300,524.0,4,Center
2452,RISHON LEZIYYON,8300,531.0,4,Center
2453,RISHON LEZIYYON,8300,532.0,4,Center
2454,RISHON LEZIYYON,8300,533.0,4,Center
2455,RISHON LEZIYYON,8300,534.0,4,Center
2456,RISHON LEZIYYON,8300,611.0,4,Center
2457,RISHON LEZIYYON,8300,612.0,4,Center
2458,RISHON LEZIYYON,8300,614.0,4,Center
2459,RISHON LEZIYYON,8300,615.0,4,Center
2460,RISHON LEZIYYON,8300,616.0,4,Center
2461,RISHON LEZIYYON,8300,617.0,4,Center
2462,RISHON LEZIYYON,8300,623.0,4,Center
2463,RISHON LEZIYYON,8300,624.0,4,Center
2464,RISHON LEZIYYON,8300,625.0,0,Right-Wing
2465,REHOVOT,8400,112.0,1,Left-Wing
2466,REHOVOT,8400,113.0,1,Left-Wing
2467,REHOVOT,8400,114.0,1,Left-Wing
2468,REHOVOT,8400,115.0,1,Left-Wing
2469,REHOVOT,8400,116.0,4,Center
2470,REHOVOT,8400,117.0,0,Right-Wing
2471,REHOVOT,8400,121.0,4,Center
2472,REHOVOT,8400,122.0,4,Center
2473,REHOVOT,8400,123.0,1,Left-Wing
2474,REHOVOT,8400,124.0,0,Right-Wing
2475,REHOVOT,8400,211.0,0,Right-Wing
2476,REHOVOT,8400,212.0,0,Right-Wing
2477,REHOVOT,8400,213.0,4,Center
2478,REHOVOT,8400,214.0,4,Center
2479,REHOVOT,8400,221.0,4,Center
2480,REHOVOT,8400,222.0,0,Right-Wing
2481,REHOVOT,8400,232.0,3,Ulta Orthodox
2482,REHOVOT,8400,311.0,1,Left-Wing
2483,REHOVOT,8400,312.0,4,Center
2484,REHOVOT,8400,313.0,4,Center
2485,REHOVOT,8400,321.0,0,Right-Wing
2486,REHOVOT,8400,322.0,0,Right-Wing
2487,REHOVOT,8400,411.0,4,Center
2488,REHOVOT,8400,413.0,4,Center
2489,REHOVOT,8400,414.0,1,Left-Wing
2490,REHOVOT,8400,421.0,1,Left-Wing
2491,REHOVOT,8400,422.0,1,Left-Wing
2492,REHOVOT,8400,424.0,1,Left-Wing
2493,REHOVOT,8400,425.0,0,Right-Wing
2494,REHOVOT,8400,431.0,4,Center
2495,REHOVOT,8400,432.0,0,Right-Wing
2496,RAMLA,8500,11.0,2,Arab
2497,RAMLA,8500,13.0,0,Right-Wing
2498,RAMLA,8500,14.0,4,Center
2499,RAMLA,8500,17.0,2,Arab
2500,RAMLA,8500,21.0,0,Right-Wing
2501,RAMLA,8500,22.0,0,Right-Wing
2502,RAMLA,8500,23.0,0,Right-Wing
2503,RAMLA,8500,24.0,0,Right-Wing
2504,RAMLA,8500,31.0,0,Right-Wing
2505,RAMLA,8500,32.0,0,Right-Wing
2506,RAMLA,8500,33.0,0,Right-Wing
2507,RAMLA,8500,34.0,0,Right-Wing
2508,RAMLA,8500,35.0,0,Right-Wing
2509,RAMLA,8500,41.0,0,Right-Wing
2510,RAMLA,8500,42.0,0,Right-Wing
2511,RAMLA,8500,43.0,0,Right-Wing
2512,RAMLA,8500,44.0,0,Right-Wing
2513,RAMLA,8500,45.0,2,Arab
2514,RAMAT GAN,8600,112.0,1,Left-Wing
2515,RAMAT GAN,8600,113.0,4,Center
2516,RAMAT GAN,8600,114.0,1,Left-Wing
2517,RAMAT GAN,8600,115.0,4,Center
2518,RAMAT GAN,8600,116.0,1,Left-Wing
2519,RAMAT GAN,8600,121.0,1,Left-Wing
2520,RAMAT GAN,8600,122.0,1,Left-Wing
2521,RAMAT GAN,8600,124.0,4,Center
2522,RAMAT GAN,8600,125.0,1,Left-Wing
2523,RAMAT GAN,8600,131.0,1,Left-Wing
2524,RAMAT GAN,8600,132.0,1,Left-Wing
2525,RAMAT GAN,8600,133.0,1,Left-Wing
2526,RAMAT GAN,8600,134.0,1,Left-Wing
2527,RAMAT GAN,8600,135.0,4,Center
2528,RAMAT GAN,8600,136.0,1,Left-Wing
2529,RAMAT GAN,8600,137.0,1,Left-Wing
2530,RAMAT GAN,8600,138.0,4,Center
2531,RAMAT GAN,8600,211.0,4,Center
2532,RAMAT GAN,8600,212.0,4,Center
2533,RAMAT GAN,8600,213.0,1,Left-Wing
2534,RAMAT GAN,8600,214.0,4,Center
2535,RAMAT GAN,8600,215.0,1,Left-Wing
2536,RAMAT GAN,8600,216.0,1,Left-Wing
2537,RAMAT GAN,8600,221.0,4,Center
2538,RAMAT GAN,8600,222.0,4,Center
2539,RAMAT GAN,8600,223.0,1,Left-Wing
2540,RAMAT GAN,8600,224.0,4,Center
2541,RAMAT GAN,8600,225.0,4,Center
2542,RAMAT GAN,8600,311.0,4,Center
2543,RAMAT GAN,8600,312.0,1,Left-Wing
2544,RAMAT GAN,8600,313.0,4,Center
2545,RAMAT GAN,8600,314.0,4,Center
2546,RAMAT GAN,8600,321.0,4,Center
2547,RAMAT GAN,8600,322.0,0,Right-Wing
2548,RAMAT GAN,8600,324.0,4,Center
2549,RAMAT GAN,8600,325.0,4,Center
2550,RAMAT GAN,8600,412.0,0,Right-Wing
2551,RAMAT GAN,8600,415.0,1,Left-Wing
2552,RAMAT GAN,8600,416.0,1,Left-Wing
2553,RAMAT GAN,8600,417.0,1,Left-Wing
2554,RAMAT GAN,8600,418.0,1,Left-Wing
2555,RA'ANNANA,8700,12.0,4,Center
2556,RA'ANNANA,8700,14.0,4,Center
2557,RA'ANNANA,8700,15.0,4,Center
2558,RA'ANNANA,8700,16.0,4,Center
2559,RA'ANNANA,8700,17.0,4,Center
2560,RA'ANNANA,8700,18.0,4,Center
2561,RA'ANNANA,8700,19.0,1,Left-Wing
2562,RA'ANNANA,8700,21.0,4,Center
2563,RA'ANNANA,8700,22.0,4,Center
2564,RA'ANNANA,8700,23.0,0,Right-Wing
2565,RA'ANNANA,8700,24.0,1,Left-Wing
2566,RA'ANNANA,8700,25.0,1,Left-Wing
2567,RA'ANNANA,8700,26.0,4,Center
2568,RA'ANNANA,8700,27.0,1,Left-Wing
2569,RA'ANNANA,8700,28.0,1,Left-Wing
2570,RA'ANNANA,8700,31.0,1,Left-Wing
2571,RA'ANNANA,8700,32.0,4,Center
2572,RA'ANNANA,8700,33.0,1,Left-Wing
2573,RA'ANNANA,8700,34.0,4,Center
2574,RA'ANNANA,8700,35.0,4,Center
2575,RA'ANNANA,8700,36.0,4,Center
2576,SHEFAR'AM,8800,0.0,2,Arab
2577,TAMRA,8900,0.0,2,Arab
2578,BE'ER SHEVA,9000,111.0,0,Right-Wing
2579,BE'ER SHEVA,9000,112.0,0,Right-Wing
2580,BE'ER SHEVA,9000,113.0,0,Right-Wing
2581,BE'ER SHEVA,9000,121.0,0,Right-Wing
2582,BE'ER SHEVA,9000,122.0,0,Right-Wing
2583,BE'ER SHEVA,9000,131.0,4,Center
2584,BE'ER SHEVA,9000,132.0,0,Right-Wing
2585,BE'ER SHEVA,9000,133.0,4,Center
2586,BE'ER SHEVA,9000,211.0,0,Right-Wing
2587,BE'ER SHEVA,9000,212.0,0,Right-Wing
2588,BE'ER SHEVA,9000,213.0,0,Right-Wing
2589,BE'ER SHEVA,9000,214.0,0,Right-Wing
2590,BE'ER SHEVA,9000,215.0,0,Right-Wing
2591,BE'ER SHEVA,9000,216.0,0,Right-Wing
2592,BE'ER SHEVA,9000,221.0,0,Right-Wing
2593,BE'ER SHEVA,9000,222.0,0,Right-Wing
2594,BE'ER SHEVA,9000,223.0,0,Right-Wing
2595,BE'ER SHEVA,9000,224.0,0,Right-Wing
2596,BE'ER SHEVA,9000,225.0,0,Right-Wing
2597,BE'ER SHEVA,9000,226.0,0,Right-Wing
2598,BE'ER SHEVA,9000,234.0,0,Right-Wing
2599,BE'ER SHEVA,9000,311.0,0,Right-Wing
2600,BE'ER SHEVA,9000,312.0,0,Right-Wing
2601,BE'ER SHEVA,9000,313.0,0,Right-Wing
2602,BE'ER SHEVA,9000,411.0,0,Right-Wing
2603,BE'ER SHEVA,9000,412.0,0,Right-Wing
2604,BE'ER SHEVA,9000,413.0,0,Right-Wing
2605,BE'ER SHEVA,9000,414.0,0,Right-Wing
2606,BE'ER SHEVA,9000,415.0,0,Right-Wing
2607,BE'ER SHEVA,9000,421.0,0,Right-Wing
2608,BE'ER SHEVA,9000,422.0,0,Right-Wing
2609,BE'ER SHEVA,9000,423.0,4,Center
2610,BE'ER SHEVA,9000,431.0,0,Right-Wing
2611,BE'ER SHEVA,9000,432.0,0,Right-Wing
2612,BE'ER SHEVA,9000,433.0,0,Right-Wing
2613,BE'ER SHEVA,9000,434.0,0,Right-Wing
2614,BE'ER SHEVA,9000,511.0,0,Right-Wing
2615,BE'ER SHEVA,9000,512.0,0,Right-Wing
2616,BE'ER SHEVA,9000,513.0,4,Center
2617,BE'ER SHEVA,9000,521.0,0,Right-Wing
2618,BE'ER SHEVA,9000,522.0,0,Right-Wing
2619,BE'ER SHEVA,9000,523.0,0,Right-Wing
2620,BE'ER SHEVA,9000,611.0,4,Center
2621,BE'ER SHEVA,9000,612.0,0,Right-Wing
2622,BE'ER SHEVA,9000,613.0,0,Right-Wing
2623,BE'ER SHEVA,9000,614.0,0,Right-Wing
2624,BE'ER SHEVA,9000,624.0,4,Center
2625,BE'ER SHEVA,9000,631.0,0,Right-Wing
2626,BE'ER SHEVA,9000,632.0,0,Right-Wing
2627,BE'ER SHEVA,9000,633.0,0,Right-Wing
2628,BE'ER SHEVA,9000,641.0,0,Right-Wing
2629,BE'ER SHEVA,9000,642.0,0,Right-Wing
2630,BE'ER SHEVA,9000,643.0,4,Center
2631,BE'ER SHEVA,9000,644.0,4,Center
2632,BE'ER SHEVA,9000,645.0,0,Right-Wing
2633,BE'ER SHEVA,9000,646.0,0,Right-Wing
2634,NAHARIYYA,9100,11.0,4,Center
2635,NAHARIYYA,9100,13.0,4,Center
2636,NAHARIYYA,9100,14.0,0,Right-Wing
2637,NAHARIYYA,9100,21.0,0,Right-Wing
2638,NAHARIYYA,9100,22.0,0,Right-Wing
2639,NAHARIYYA,9100,23.0,0,Right-Wing
2640,NAHARIYYA,9100,24.0,0,Right-Wing
2641,NAHARIYYA,9100,31.0,4,Center
2642,NAHARIYYA,9100,32.0,4,Center
2643,NAHARIYYA,9100,33.0,4,Center
2644,NAHARIYYA,9100,34.0,4,Center
2645,NAHARIYYA,9100,41.0,4,Center
2646,NAHARIYYA,9100,42.0,4,Center
2647,NAHARIYYA,9100,43.0,4,Center
2648,BET SHE'AN,9200,1.0,0,Right-Wing
2649,BET SHE'AN,9200,2.0,0,Right-Wing
2650,BET SHE'AN,9200,3.0,0,Right-Wing
2651,BET SHE'AN,9200,4.0,0,Right-Wing
2652,ZIKHRON YA'AQOV,9300,1.0,1,Left-Wing
2653,ZIKHRON YA'AQOV,9300,2.0,1,Left-Wing
2654,ZIKHRON YA'AQOV,9300,3.0,1,Left-Wing
2655,ZIKHRON YA'AQOV,9300,4.0,4,Center
2656,YEHUD,9400,1.0,4,Center
2657,YEHUD,9400,3.0,0,Right-Wing
2658,YEHUD,9400,4.0,4,Center
2659,YEHUD,9400,5.0,4,Center
2660,YEHUD,9400,6.0,4,Center
2661,YEHUD,9400,7.0,1,Left-Wing
2662,YEHUD,9400,8.0,1,Left-Wing
2663,QIRYAT BIALIK,9500,2.0,0,Right-Wing
2664,QIRYAT BIALIK,9500,3.0,4,Center
2665,QIRYAT BIALIK,9500,4.0,4,Center
2666,QIRYAT BIALIK,9500,5.0,4,Center
2667,QIRYAT BIALIK,9500,7.0,4,Center
2668,QIRYAT BIALIK,9500,8.0,1,Left-Wing
2669,QIRYAT BIALIK,9500,9.0,4,Center
2670,QIRYAT BIALIK,9500,10.0,4,Center
2671,QIRYAT BIALIK,9500,11.0,4,Center
2672,QIRYAT YAM,9600,11.0,4,Center
2673,QIRYAT YAM,9600,12.0,0,Right-Wing
2674,QIRYAT YAM,9600,13.0,0,Right-Wing
2675,QIRYAT YAM,9600,14.0,4,Center
2676,QIRYAT YAM,9600,21.0,0,Right-Wing
2677,QIRYAT YAM,9600,22.0,0,Right-Wing
2678,QIRYAT YAM,9600,23.0,0,Right-Wing
2679,QIRYAT YAM,9600,24.0,0,Right-Wing
2680,QIRYAT YAM,9600,25.0,0,Right-Wing
2681,QIRYAT YAM,9600,31.0,0,Right-Wing
2682,QIRYAT YAM,9600,32.0,0,Right-Wing
2683,QIRYAT YAM,9600,33.0,0,Right-Wing
2684,QIRYAT YAM,9600,34.0,0,Right-Wing
2685,HOD HASHARON,9700,11.0,4,Center
2686,HOD HASHARON,9700,12.0,1,Left-Wing
2687,HOD HASHARON,9700,13.0,1,Left-Wing
2688,HOD HASHARON,9700,14.0,1,Left-Wing
2689,HOD HASHARON,9700,15.0,1,Left-Wing
2690,HOD HASHARON,9700,21.0,1,Left-Wing
2691,HOD HASHARON,9700,22.0,1,Left-Wing
2692,HOD HASHARON,9700,23.0,1,Left-Wing
2693,HOD HASHARON,9700,24.0,1,Left-Wing
2694,HOD HASHARON,9700,31.0,1,Left-Wing
2695,HOD HASHARON,9700,32.0,1,Left-Wing
2696,HOD HASHARON,9700,33.0,4,Center
2697,BINYAMINA-GIV'AT ADA,9800,1.0,1,Left-Wing
2698,BINYAMINA-GIV'AT ADA,9800,2.0,1,Left-Wing
2699,BINYAMINA-GIV'AT ADA,9800,3.0,4,Center
2700,BINYAMINA-GIV'AT ADA,9800,4.0,1,Left-Wing
2701,,9999,0.0,4,Center
